Date,Open,High,Low,Close,Adj Close,Volume
3/1/18,273.299988,273.390015,271.179993,272.880005,250.540192,79213200
3/2/18,270.420013,273.179993,270.200012,272.779999,250.448395,87063500
3/5/18,273.549988,274.23999,272.420013,274.100006,251.660294,66901200
3/6/18,275.700012,278.869995,275.339996,278.869995,256.039795,113625300
3/7/18,279.200012,279.910004,278.079987,278.519989,255.71846,71924800
3/8/18,279.839996,280.410004,276.029999,276.720001,254.065781,91968900
3/9/18,277.809998,278.019989,274.670013,275.299988,252.762039,105895100
3/12/18,275.880005,276.609985,274.429993,275,252.486618,83433000
3/13/18,274.5,275.390015,274.140015,274.200012,252.760422,100343700
3/14/18,273.350006,274.399994,268.619995,270.48999,249.340424,109208400
3/15/18,270.940002,271.670013,270.179993,270.950012,249.764511,59757300
3/16/18,270.899994,273.269989,270.190002,270.429993,249.285156,78709600
3/19/18,267.910004,268.869995,263.359985,263.670013,243.053726,148785900
3/20/18,264.170013,264.540009,257.829987,258.049988,237.873138,183534800
3/21/18,262.130005,265.429993,259.410004,265.109985,244.381149,141956100
3/22/18,266.170013,266.769989,258.839996,260.600006,240.22377,129941400
3/23/18,260.75,262.640015,258.579987,259.829987,239.513962,146452300
3/26/18,261.119995,265.26001,259.839996,263.149994,242.574387,111601600
3/27/18,262.549988,263.130005,254.669998,257.470001,237.338486,186286300
3/28/18,258.869995,261.309998,256.839996,260.769989,240.380463,119956900
3/29/18,256.75,264.359985,256.600006,263.559998,242.952286,123715300
4/2/18,265.549988,266.640015,264.320007,265.640015,244.869736,82652600
4/3/18,263.420013,265.109985,258,259.720001,239.412582,179521200
4/4/18,261.369995,264.839996,259.940002,261,240.592484,105442900
4/5/18,264.269989,266.040009,262.980011,265.149994,244.417999,103529000
4/6/18,263.470001,265.640015,263.390015,263.76001,243.136688,91140200
4/9/18,265.26001,267,265.059998,265.929993,245.137039,68890500
4/10/18,267.410004,267.540009,264.01001,265.149994,244.417999,85079200
4/11/18,267,268.200012,266.070007,267.329987,246.427536,63405300
4/12/18,269.329987,270.869995,268.75,270.190002,249.063965,64682000
4/13/18,270.690002,271.299988,269.869995,270.390015,249.248352,57303900
4/16/18,269.649994,269.880005,267.720001,268.890015,247.86557,77655900
4/17/18,268.809998,269.059998,265.609985,266.609985,245.76384,99953100
4/18/18,267.26001,267.890015,265.350006,266.570007,245.727005,65558000
4/19/18,267.730011,267.980011,261.279999,262.980011,242.417679,112885500
4/20/18,262.910004,264.130005,260.850006,263.630005,243.016861,103840900
4/23/18,264.790009,267.25,264.290009,266.309998,245.487305,67731900
4/24/18,267,267.339996,265.5,266.559998,245.717819,57053600
4/25/18,267.26001,267.890015,264.429993,264.51001,243.828125,82182300
4/26/18,263.869995,265.100006,262.109985,264.980011,244.261322,74203400
4/27/18,264.76001,265.679993,262.76001,263.200012,242.620453,86368900
4/30/18,262.26001,263.359985,259.049988,262.619995,242.085876,136311500
5/1/18,261.519989,266.790009,261.149994,266.019989,245.220001,91222100
5/2/18,266.890015,268.019989,266.109985,266.920013,246.049561,55304900
5/3/18,266.5,267.329987,265.149994,266.920013,246.049561,67499200
5/4/18,267.679993,269.869995,267.089996,269.5,248.427902,59666100
5/7/18,270.339996,272.390015,270.220001,272.019989,250.750809,72063900
5/8/18,272.160004,273.149994,271.579987,272.850006,251.515976,59871500
5/9/18,273.339996,274.079987,272.359985,272.980011,251.635818,54790600
5/10/18,271.589996,271.609985,270.029999,271.100006,249.902756,87036100
5/11/18,271.140015,272.76001,271.109985,272.23999,250.953659,53942600
5/14/18,271.940002,273.230011,271.130005,272.01001,250.741653,56536400
5/15/18,271.619995,272.029999,270.929993,271.329987,250.114792,64368000
5/16/18,273.01001,273.980011,272.570007,273.369995,251.995316,58025900
5/17/18,273.959991,274.25,272.23999,272.609985,251.294739,52966400
5/18/18,271.170013,273.390015,270.98999,273.359985,251.98613,64694200
5/21/18,272.910004,273.220001,270.779999,272.799988,251.469864,76043800
5/22/18,272.149994,272.859985,271.579987,272.149994,250.870697,56374800
5/23/18,270.309998,271.170013,267.76001,269.019989,247.985443,115908600
5/24/18,270.5,273.109985,270.420013,272.609985,251.294739,69678400
5/25/18,272.149994,272.48999,270.26001,270.940002,249.755264,93519900
5/29/18,272.410004,273.940002,272.329987,273.600006,252.207291,71258400
5/30/18,274.529999,275.190002,274.26001,274.899994,253.405609,45385200
5/31/18,275.049988,275.529999,274.179993,275.100006,253.590027,51135000
6/1/18,275.790009,277.519989,275.089996,277.399994,255.710159,62732200
6/4/18,277.950012,278.279999,276.339996,277.369995,255.682602,72969400
6/5/18,276.850006,278.25,276.660004,278.190002,256.438385,72139700
6/6/18,278.440002,279.369995,278.309998,278.559998,256.77951,58892500
6/7/18,279.029999,279.329987,278.190002,278.920013,257.111359,72329000
6/8/18,279.190002,279.480011,277.799988,278.029999,256.290894,79070600
6/11/18,279.01001,279.329987,278.059998,278.730011,256.936249,77097600
6/12/18,276.600006,277.51001,275.350006,277.130005,256.608368,120041600
6/13/18,275.48999,276.700012,274.950012,276.559998,256.080658,52917600
6/14/18,274,275.75,273.529999,275.5,255.099091,97531500
6/15/18,276.269989,276.720001,275.589996,275.970001,255.534286,53785500
6/18/18,275.959991,275.980011,273.679993,274.23999,253.932343,71061400
6/19/18,275.660004,275.790009,274.48999,274.73999,254.39537,54898500
6/20/18,273.440002,273.619995,269.100006,271,250.932281,137854200
6/21/18,271.640015,272.559998,270.790009,271.600006,251.487915,68547400
6/22/18,272.26001,273.869995,269.179993,269.350006,249.404541,105110700
6/25/18,269.290009,271.75,268.48999,270.890015,250.830475,76650500
6/26/18,272.119995,273.660004,271.149994,271.279999,251.19162,97592500
6/27/18,269.51001,272.040009,269.23999,271.859985,251.728638,63554800
6/28/18,272.869995,272.980011,270.420013,270.899994,250.839737,42187100
6/29/18,272.170013,273.179993,270.959991,273.109985,252.886108,56925900
7/2/18,273.140015,275.839996,272.709991,275.420013,255.02507,66493700
7/3/18,276.549988,277.959991,276.5,277.899994,257.321381,50550400
7/5/18,278.410004,279.01001,278.079987,278.899994,258.247375,51966800
7/6/18,277.149994,278.040009,276.519989,276.859985,256.358398,77054700
7/9/18,278.279999,279.429993,277.600006,279.369995,258.682556,60124700
7/10/18,279.170013,279.929993,278.660004,279.589996,258.886292,48216000
7/11/18,279.640015,279.799988,278.839996,279.339996,258.654724,48201000
7/12/18,278.470001,280.910004,278.410004,280.470001,259.701111,52315500
7/13/18,280.559998,281.179993,280.059998,281.059998,260.247314,44593500
7/16/18,280.309998,280.73999,279.459991,280,259.265839,61412100
7/17/18,279.769989,280.480011,279.5,279.679993,258.969604,82337700
7/18/18,279.450012,280.429993,279.059998,280.200012,259.451111,47047600
7/19/18,281.790009,282.559998,280.630005,281.609985,260.756714,68026900
7/20/18,281.329987,284.369995,281.279999,284.01001,262.978973,78882900
7/23/18,283.200012,284.109985,283.089996,283.339996,262.358551,57919500
7/24/18,283.709991,283.820007,280.380005,281.420013,260.580719,76768700
7/25/18,281.51001,281.690002,279.359985,279.950012,259.219604,63742500
7/26/18,280.809998,282.019989,280.380005,281.329987,260.497375,68570500
7/27/18,281.559998,282.130005,280.130005,280.859985,260.062134,53853300
7/30/18,279.390015,282.579987,279.160004,282.390015,261.478882,63426400
7/31/18,282.529999,283.660004,282.329987,283.600006,262.599365,53935400
8/1/18,283.640015,284.98999,283.200012,284.640015,263.562286,39400900
8/2/18,285.390015,286.01001,285.23999,285.579987,264.432678,43196600
8/3/18,285.390015,285.910004,284.940002,285.459991,264.321564,42114600
8/6/18,285.529999,285.970001,284.920013,285.070007,263.960419,35717000
8/7/18,283.450012,284.059998,282.359985,283.160004,262.191925,77076000
8/8/18,283.470001,284.160004,281.769989,282.100006,261.210419,65732900
8/9/18,282.920013,284.170013,282.480011,283.899994,262.877045,43842000
8/10/18,282.380005,282.540009,280.160004,281.779999,260.914032,102925400
8/13/18,283.399994,285.040009,283.359985,284.059998,263.025177,69967900
8/14/18,283.829987,285.559998,283.369995,285.059998,263.951202,65618500
8/15/18,285.570007,285.970001,285.059998,285.670013,264.516052,39807500
8/16/18,286.25,287.309998,285.709991,286.339996,265.136444,67272000
8/17/18,285.880005,286.76001,285.579987,286.170013,264.978973,44993300
8/20/18,285.970001,286.940002,285.429993,285.790009,264.627106,49204900
8/21/18,286.440002,287.670013,286.380005,287.51001,266.219757,57487400
8/22/18,288.859985,289.899994,288.679993,289.779999,268.321594,57072400
8/23/18,290.299988,290.420013,289.399994,289.920013,268.451385,46943500
8/24/18,290.160004,291.73999,289.890015,291.480011,269.895813,61485500
8/27/18,290.940002,291.359985,289.630005,290.299988,268.803162,61229500
8/28/18,289.839996,290.809998,289.290009,290.309998,268.812317,66140800
8/29/18,289.839996,290.209991,288.679993,289.809998,268.349426,57594400
8/30/18,289.410004,289.640015,287.890015,289.029999,267.627197,72452400
8/31/18,289.149994,289.48999,287,288.160004,266.821655,65909900
9/4/18,286.980011,288.700012,286.709991,287.600006,266.303131,73524800
9/5/18,288.73999,289.040009,287.880005,288.100006,266.766083,50210900
9/6/18,287.369995,289.549988,286.980011,289.049988,267.645782,50530500
9/7/18,289.059998,289.799988,288.230011,289.119995,267.71051,59810800
9/10/18,290.320007,291.040009,290,290.829987,269.294006,51034200
9/11/18,291.059998,291.269989,290,290.880005,269.34024,55079900
9/12/18,290.820007,290.859985,289.029999,289.339996,267.914276,68244000
9/13/18,289.579987,291.579987,289.549988,290.910004,269.367981,61930400
9/14/18,290.970001,291.690002,290.829987,291.220001,269.65506,49080600
9/17/18,292.640015,293.940002,291.23999,293.579987,271.84021,100360600
9/18/18,293.089996,293.220001,291.809998,291.98999,271.59198,105479700
9/19/18,291.339996,291.5,290.369995,291.019989,270.689758,53409600
9/20/18,291.529999,291.649994,290.480011,290.75,270.438599,44370000
9/21/18,290.910004,292.23999,289.410004,289.880005,269.629333,79739700
9/24/18,290.410004,291.910004,290.100006,290.690002,270.38269,59249500
9/25/18,289.98999,291.279999,289.950012,290.720001,270.410583,70091400
9/26/18,292.109985,292.929993,290.980011,291.730011,271.350128,62078900
9/27/18,291.559998,292.359985,291.140015,291.559998,271.191986,47258200
9/28/18,292.73999,293.209991,291.320007,291.720001,271.34082,64694600
10/1/18,291.179993,291.23999,287.660004,289.440002,269.220062,111545900
10/2/18,289.690002,290.269989,286.220001,287.820007,267.713287,105951700
10/3/18,287.049988,288.220001,285.5,287.820007,267.713287,87742200
10/4/18,287.390015,288.859985,286.769989,287.399994,267.32254,74339000
10/5/18,286.829987,286.910004,277.880005,278.299988,258.858307,214731000
10/8/18,277.079987,278.899994,270.359985,272.170013,253.15654,274840500
10/9/18,276.769989,277.089996,272.369995,275.950012,256.672516,183186500
10/10/18,275.549988,277.040009,274.299988,274.399994,255.230743,102263700
10/11/18,276.600006,280.820007,276.070007,280.399994,260.811584,118255800
10/12/18,280.440002,281.149994,277.559998,280.450012,260.858093,110626000
10/15/18,279.399994,280.070007,274.970001,276.399994,257.091003,134557500
10/16/18,277.130005,279.299988,275.470001,276.25,256.951477,139901600
10/17/18,277,277.359985,274.410004,275.01001,255.798096,82415800
10/18/18,270.950012,274.869995,268.609985,273.609985,254.495972,146352700
10/19/18,273.329987,273.76001,264.700012,265.320007,246.78511,177806700
10/22/18,267.380005,271.809998,266.230011,270.079987,251.212479,138061500
10/23/18,265.920013,271,262.290009,265.329987,246.794373,201574600
10/24/18,268.799988,270.25,259.850006,263.859985,245.427017,160749100
10/25/18,263.670013,268.119995,263.119995,267.769989,249.063889,157116000
10/26/18,270.649994,273.230011,270.119995,270.630005,251.724106,128296300
10/29/18,271.600006,273.730011,270.380005,273.51001,254.402939,99495000
10/30/18,274.75,275.230011,269.589996,271.890015,252.896118,122634100
10/31/18,272.440002,274.01001,271.350006,273.390015,254.291351,65622500
11/1/18,273.320007,275.299988,273.25,275.119995,255.900452,60085900
11/2/18,277.559998,281.100006,277.079987,281.01001,261.378967,102752100
11/5/18,280.109985,281.220001,279.220001,280.5,260.904602,65584900
11/6/18,279.029999,279.23999,276.179993,277.76001,258.355957,98812600
11/7/18,277.190002,277.459991,271.98999,272.570007,253.52861,99673600
11/8/18,273.089996,275.329987,271.25,272.059998,253.05423,98176600
11/9/18,274.160004,274.609985,268.450012,270.200012,251.324203,125335900
11/12/18,268.779999,273.540009,267.01001,273.019989,253.947098,135101400
11/13/18,271.790009,274.75,271.209991,273.730011,254.607544,126668000
11/14/18,273.049988,273.380005,268.070007,269.100006,250.30098,103061700
11/15/18,265.359985,267,263.149994,264.119995,245.668869,136021300
11/16/18,265.859985,267.149994,265.01001,265.019989,246.506012,75563700
11/19/18,263.179993,264.820007,263.070007,263.25,244.859695,42807900
11/20/18,265.779999,267.75,265.339996,267.5,248.812729,79981400
11/21/18,266.339996,268.399994,265.660004,268.399994,249.649902,75502400
11/23/18,269.600006,274.579987,268.329987,274.579987,255.398132,127629600
11/26/18,273.709991,275.549988,272.429993,273.980011,254.840134,82346400
11/27/18,273.809998,276.279999,273.450012,275.649994,256.393372,98204200
11/28/18,280.279999,280.399994,277.51001,279.299988,259.788452,103176300
11/29/18,278.369995,278.850006,269.899994,270.25,251.370636,177986000
11/30/18,265.920013,269.970001,262.440002,269.839996,250.989288,204185400
12/3/18,269.459991,271.220001,262.630005,263.570007,245.157318,161018900
12/4/18,263.369995,265.160004,258.619995,264.070007,245.622391,151445900
12/6/18,267.660004,267.869995,262.480011,264.130005,245.678192,121504400
12/7/18,267.470001,269,265.369995,265.459991,246.915283,97976700
12/10/18,266.519989,267.48999,264.119995,265.369995,246.831573,96662700
12/11/18,262.959991,264.029999,259.850006,260.470001,242.27388,116961100
12/12/18,259.399994,260.649994,253.529999,255.360001,237.520859,165492300
12/13/18,257.200012,257.950012,253.279999,255.080002,237.260422,134515100
12/14/18,255.169998,259.399994,249.350006,251.259995,233.707275,214992800
12/17/18,249.860001,251.619995,244.649994,247.169998,229.903,252053400
12/18/18,246.740005,249.710007,239.979996,240.699997,225.192368,255345600
12/19/18,239.039993,240.839996,234.270004,234.339996,219.242142,147311600
12/20/18,235.970001,246.179993,233.759995,246.179993,230.319336,218485400
12/21/18,242.570007,248.289993,238.960007,248.070007,232.087601,186267300
12/24/18,249.580002,251.399994,246.449997,247.75,231.788177,153100200
12/26/18,249.559998,250.190002,247.470001,249.919998,233.818359,144299400
12/27/18,245.979996,251.210007,245.949997,250.179993,234.0616,126925200
12/28/18,248.229996,248.570007,243.669998,244.210007,228.476227,144140700
12/31/18,247.589996,253.110001,247.169998,252.389999,236.129257,142628800
1/2/19,252.690002,255.949997,251.690002,254.380005,237.991058,103139100
1/3/19,256.820007,257.309998,254,256.769989,240.227066,102512600
1/4/19,257.559998,258.910004,256.190002,257.970001,241.349747,95006600
1/7/19,256.26001,259.160004,255.5,258.880005,242.201096,96823900
1/8/19,257.679993,259.01001,257.029999,258.980011,242.294647,73858100
1/9/19,256.859985,258.299988,256.410004,257.399994,240.816437,70908200
1/10/19,257.820007,260.700012,257.809998,260.350006,243.576416,85208300
1/11/19,260.829987,261.970001,260.600006,260.980011,244.165817,77636700
1/14/19,260.01001,263.920013,259.959991,262.959991,246.01825,96118400
1/15/19,264.980011,266.980011,263,266.459991,249.29277,127900300
1/16/19,264.820007,265.059998,261.059998,262.859985,245.924652,115531200
1/17/19,264.01001,264.790009,260.660004,263.410004,246.439285,86030300
1/18/19,263.209991,264.200012,262.079987,263.549988,246.570206,59204100
1/22/19,265.609985,266.700012,263.660004,265.779999,248.656601,96883400
1/23/19,263.390015,263.829987,261.790009,263.76001,246.766708,85613700
1/24/19,263.920013,264.549988,262.480011,263.410004,246.439285,66136300
1/25/19,265.100006,268.519989,264.25,267.579987,250.340576,92473700
1/28/19,267.51001,270.470001,267.269989,269.929993,252.539185,104012100
1/29/19,270.149994,271.200012,269.179993,270.059998,252.660767,85782500
1/30/19,270.109985,272.029999,269.359985,271.959991,254.43837,60744800
1/31/19,272.440002,273.440002,271.880005,273.100006,255.504929,79552800
2/1/19,272.790009,273.339996,271.920013,272.73999,255.168167,58347800
2/4/19,270.940002,271.549988,268.290009,270.140015,252.735703,95482000
2/5/19,268.75,270.579987,267.829987,270.470001,253.044342,75788900
2/6/19,271.200012,271.48999,270.029999,270.619995,253.184708,68021400
2/7/19,272.420013,274.519989,272.339996,274.100006,256.440521,72270200
2/8/19,275.029999,275.929993,274.559998,274.98999,257.273224,65277200
2/11/19,273.779999,275.640015,272.869995,274.380005,256.702423,83234400
2/12/19,276.359985,277.410004,276.130005,277.369995,259.499939,97088700
2/13/19,276.480011,278.579987,276.470001,277.850006,259.948914,59120800
2/14/19,277.809998,278.920013,277.25,278.410004,260.472809,76610800
2/15/19,277.700012,278.100006,276.350006,277.420013,259.546631,64214700
2/19/19,278.109985,279.359985,277.399994,279.140015,261.155853,78114600
2/20/19,280.730011,281.309998,279.429993,279.519989,261.511353,69030700
2/21/19,279.130005,280.299988,278.899994,279.320007,261.324219,56844100
2/22/19,278.519989,279.589996,277.480011,279.200012,261.211945,56921600
2/25/19,278.959991,279.450012,278.320007,278.679993,260.725403,69268300
2/26/19,280.440002,280.880005,278.820007,280.420013,262.353394,78880500
2/27/19,281.600006,281.869995,276.839996,279.399994,261.399078,106494600
2/28/19,279.540009,279.76001,278.410004,279.019989,261.04361,59114600
3/1/19,279.149994,279.160004,276.970001,277.329987,259.462463,75039800
3/4/19,276.829987,276.98999,274.070007,275.01001,257.29187,94885100
3/5/19,272.940002,274.649994,272.420013,274.459991,256.777344,85795800
3/6/19,275.26001,278.619995,275.230011,278.440002,260.500885,65098900
3/7/19,279.059998,280.070007,278.850006,279.48999,261.483276,79667500
3/8/19,280.480011,282.380005,280.299988,281.339996,263.214081,80639200
3/11/19,281.369995,281.839996,280.670013,281.160004,263.045654,67518400
3/12/19,280.540009,282.209991,280.329987,281.309998,264.345276,81309000
3/13/19,281.549988,282.660004,281.299988,282.329987,265.303772,62199800
3/14/19,283.51001,284.359985,281.410004,282.399994,265.369507,90268100
3/15/19,282.160004,283.5,280.320007,281.549988,264.570801,84609200
3/18/19,280.640015,285.179993,280.589996,284.730011,267.559021,79550400
3/19/19,283.220001,283.799988,279.179993,279.25,262.409485,122659300
3/20/19,278.869995,280.190002,277.640015,279.040009,262.212189,85575200
3/21/19,280.98999,282.179993,279.559998,281.119995,264.166687,68125900
3/22/19,281.109985,281.76001,277.929993,279.649994,262.78537,72224700
3/25/19,280.350006,281.209991,279.070007,280.709991,263.781494,56238500
3/26/19,282.390015,282.839996,281.140015,282.480011,265.444763,82186800
3/27/19,284.700012,286.160004,284.399994,285.829987,268.592712,77617900
3/28/19,286.040009,286.230011,285.089996,285.970001,268.724274,40070400
3/29/19,287.320007,287.76001,285.75,286.420013,269.147064,68243200
4/1/19,286.779999,287.459991,286.01001,287.179993,269.861237,48997500
4/2/19,287.920013,288.630005,287.600006,288.570007,271.16745,58621700
4/3/19,288.100006,288.910004,287.369995,288.790009,271.374146,53566300
4/4/19,287.720001,288.079987,286.700012,287.309998,269.983429,66142300
4/5/19,287.769989,288.390015,287.309998,288.290009,270.904358,52601500
4/8/19,288.829987,288.839996,287.579987,288.209991,270.829132,55093100
4/9/19,290,290.470001,288.26001,290.160004,272.66153,69727800
4/10/19,290.23999,290.350006,289.079987,289.970001,272.482971,49596700
4/11/19,290.950012,291.01001,289.5,290.160004,272.66153,52153200
4/12/19,291.399994,291.429993,288.98999,289.450012,271.994385,58268300
4/15/19,290.100006,290.320007,288.660004,290.019989,272.529968,68708500
4/16/19,289.170013,290.440002,289.070007,290.269989,272.764954,40160100
4/17/19,290.679993,293.140015,290.420013,292.880005,275.217529,52246600
4/18/19,292.790009,293.160004,292.070007,292.230011,274.60672,50392900
4/22/19,292.119995,292.779999,290.730011,292.049988,274.437531,57770900
4/23/19,292.100006,293.48999,291.23999,293.410004,275.715546,50916400
4/24/19,293.51001,294.450012,293.410004,293.869995,276.147827,57197700
4/25/19,293.48999,294.339996,291.920013,294.019989,276.288788,81111700
4/26/19,294.720001,294.950012,291.799988,291.809998,274.212036,71671900
4/29/19,291.679993,292.700012,289.519989,291.179993,273.620087,65030200
4/30/19,292.820007,294.339996,291.299988,294.029999,276.298157,56543700
5/1/19,289.25,293.309998,288.899994,292.820007,275.161194,107198100
5/2/19,290.149994,290.809998,285.809998,287.929993,270.56604,144729900
5/3/19,287.529999,289.429993,286.869995,287.529999,270.190216,91568300
5/6/19,285.230011,287.329987,283.299988,286.660004,269.37262,103471100
5/7/19,285.619995,288.940002,282.299988,288.100006,270.725769,112429300
5/8/19,282.420013,283.48999,279.929993,280.859985,263.922424,127290500
5/9/19,281.98999,285.100006,281.850006,283.399994,266.309204,77003200
5/10/19,281.589996,285.769989,281.359985,285.059998,267.86908,73956400
5/13/19,285.839996,289.209991,285.76001,287.700012,270.349915,76749600
5/14/19,285.140015,288.600006,285.119995,285.839996,268.60202,100353000
5/15/19,284.059998,285.959991,283.119995,283.950012,266.82608,62877600
5/16/19,285.829987,286.929993,285.549988,286.51001,269.231659,46847100
5/17/19,285.450012,286.690002,285.100006,285.630005,268.404785,49482500
5/20/19,283.160004,283.209991,280.570007,282.140015,265.125275,98733800
5/21/19,283.73999,284.200012,282.089996,282.779999,265.726624,55268100
5/22/19,283.089996,284.149994,280.130005,280.149994,263.25528,70029400
5/23/19,278.910004,279.359985,276.709991,278.269989,261.488556,104972900
5/24/19,279.109985,280.040009,277.809998,279.029999,262.202789,62523800
5/28/19,276.200012,277.119995,275.23999,275.269989,258.669495,86862800
5/29/19,275.309998,276.549988,273.089996,274.570007,258.011658,96428000
5/30/19,277.119995,280.679993,276.619995,280.529999,263.612305,77231900
5/31/19,282.329987,282.98999,280.320007,282.959991,265.895813,71169700
6/3/19,283.290009,285.549988,282.570007,284.799988,267.624847,69430400
6/4/19,285.929993,288.850006,285.73999,287.649994,270.302856,74272200
6/5/19,289.369995,290.820007,288.869995,288.970001,271.543365,60799100
6/6/19,290.98999,291.399994,288.179993,288.899994,271.477539,58641300
6/7/19,288.640015,289.26001,287.820007,288.390015,270.998383,47096300
6/10/19,289.399994,289.980011,288.619995,289.579987,272.116516,48945200
6/11/19,289.26001,289.929993,288.410004,289.26001,271.815796,52324700
6/12/19,289.519989,290.220001,289.179993,289.369995,271.91922,39205700
6/13/19,291.390015,293.570007,290.98999,292.399994,274.766418,85434800
6/14/19,292.549988,293.649994,291.470001,293.059998,275.386688,78674400
6/17/19,296.040009,296.309998,293.130005,295.859985,278.017822,116570000
6/18/19,294.130005,295.519989,293.76001,294,277.613739,83309500
6/19/19,294.230011,294.579987,293.470001,293.640015,277.273773,47582700
6/20/19,293.700012,293.730011,290.640015,290.76001,274.55426,82028700
6/21/19,291.75,292.309998,290.350006,290.470001,274.280396,51584900
6/24/19,291.309998,292.059998,290.890015,291.5,275.25296,40355200
6/25/19,292.579987,293.549988,292.01001,293,276.669403,59350900
6/26/19,296.679993,296.920013,294.329987,295.660004,279.181183,78705600
6/27/19,295.609985,296.48999,294.679993,296.429993,279.908264,61504500
6/28/19,297.179993,298.820007,297.019989,298.799988,282.146179,40898900
7/1/19,297.440002,298.640015,296.01001,298.459991,281.825073,51677300
7/2/19,297.01001,298.26001,296.220001,296.820007,280.27652,45841800
7/3/19,295.540009,297.519989,295.480011,297.190002,280.625854,41101300
7/5/19,298.369995,299.660004,297.779999,298.609985,281.966675,58448500
7/8/19,299.320007,299.579987,298.200012,299.309998,282.627777,50826100
7/9/19,299.850006,300.730011,299.51001,300.649994,283.893036,40326000
7/10/19,301.130005,301.130005,300.190002,300.75,283.987427,33900000
7/11/19,300.649994,300.880005,299.440002,299.779999,283.071472,36650100
7/12/19,299.75,299.929993,297.73999,297.73999,281.145233,36036300
7/15/19,297.190002,299.25,296.700012,298.829987,282.174438,51392600
7/16/19,300.040009,300.070007,296.980011,297.170013,280.606934,58678600
7/17/19,297.609985,298.5,297.040009,297.899994,281.296265,43638100
7/18/19,299.140015,300.029999,298.220001,300.029999,283.307617,44564500
7/19/19,299.190002,301.440002,299.089996,301.440002,284.639038,47213200
7/22/19,300.940002,301,299.109985,300,283.279236,55394100
7/23/19,300.76001,302.230011,300.619995,302.01001,285.177216,45084100
7/24/19,301.880005,302.01001,300.850006,301.459991,284.657867,38126500
7/25/19,299.910004,301.170013,299.48999,300.720001,283.959137,45849000
7/26/19,300.98999,301.200012,295.200012,297.429993,280.852509,104245200
7/29/19,297.600006,300.869995,293.959991,294.839996,278.40683,142646600
7/30/19,293.850006,294.119995,290.899994,292.619995,276.310608,116749700
7/31/19,288.089996,288.209991,281.720001,283.820007,268.001038,178745400
8/1/19,285.910004,288.040009,284.279999,287.799988,271.759216,120711700
8/2/19,284.399994,288.820007,282.040009,287.970001,271.919739,140572300
8/5/19,289.619995,293.619995,289.01001,293.619995,277.254883,87713900
8/6/19,292.579987,293.23999,289.649994,291.619995,275.366333,93730000
8/7/19,289.959991,291.609985,287.019989,288.070007,272.014191,65527600
8/8/19,287.73999,294.149994,287.359985,292.549988,276.244446,94299800
8/9/19,288.070007,288.73999,283.76001,283.899994,268.076569,135622100
8/12/19,284.880005,285.640015,282.390015,284.649994,268.78476,99556600
8/13/19,286.480011,289.329987,284.709991,288.850006,272.750702,83018300
8/14/19,292.190002,293.079987,291.440002,292.329987,276.036743,53571800
8/15/19,291.769989,292.359985,289.950012,290.089996,273.921631,51596400
8/16/19,292.480011,292.859985,291.720001,292.450012,276.150055,49524700
8/19/19,293.230011,293.929993,290.399994,292.359985,276.065033,51666400
8/20/19,290.920013,292.76001,283.470001,284.850006,268.973694,149161500
8/21/19,287.269989,288,285.579987,288,271.948059,72423800
8/22/19,289.540009,289.950012,286.029999,286.869995,270.881073,66668900
8/23/19,286.140015,289.070007,285.25,288.890015,272.788513,59696700
8/26/19,291.720001,293.160004,290.609985,292.579987,276.272766,57899400
8/27/19,294.220001,294.23999,291.420013,292.450012,276.150055,62901200
8/28/19,290.570007,291.579987,289.269989,290.73999,274.535339,69101400
8/29/19,293.140015,294.059998,292.309998,294.040009,277.651428,46887300
8/30/19,296.790009,298.829987,294,297.820007,281.220795,83258100
9/3/19,298.170013,298.76001,297.420013,298.049988,281.437897,49584300
9/4/19,299.140015,299.23999,297.160004,298.200012,281.57959,51260300
9/5/19,297.359985,298.200012,295.970001,298.130005,281.513519,57947100
9/6/19,298.470001,300.339996,297.75,300.25,283.51532,68821100
9/9/19,301.25,302.459991,300.410004,301.290009,284.497375,72908700
9/10/19,301.779999,302.170013,300.679993,301.089996,284.308533,62104800
9/11/19,299.839996,301.140015,299.450012,300.160004,283.430359,58191200
9/12/19,299.940002,301.019989,299.75,300.920013,284.148041,41475500
9/13/19,300.48999,301.220001,298.23999,301.100006,284.317932,73375800
9/16/19,301.529999,302.630005,300.709991,301.079987,284.299042,76560500
9/17/19,300.359985,300.670013,297.410004,298.279999,282.95578,89565000
9/18/19,297.549988,299,297.269989,298.209991,282.889374,43476800
9/19/19,299.410004,299.839996,294.809998,295.869995,280.669586,94869400
9/20/19,295.959991,298.109985,294.329987,297.619995,282.329742,71854000
9/23/19,297.630005,297.859985,295.450012,297,281.741577,56179700
9/24/19,297.829987,297.950012,293.690002,295.399994,280.223785,84746600
9/25/19,295.970001,297.549988,295.920013,296.769989,281.523346,51662400
9/26/19,297.73999,298.459991,293,293.23999,278.174713,88242400
9/27/19,291.5,291.51001,286.640015,288.059998,273.260864,122539500
9/30/19,287.809998,290.450012,284.820007,290.420013,275.499695,85278800
10/1/19,291.140015,294.630005,291.079987,294.350006,279.227661,65091200
10/2/19,293.470001,295.26001,292.769989,293.079987,278.02298,59610500
10/3/19,291.040009,291.850006,288.48999,288.529999,273.706726,95708100
10/4/19,290.75,292.299988,290.059998,291.269989,276.305878,62359400
10/7/19,291.179993,294.209991,291,293.23999,278.174713,55296300
10/8/19,296.269989,298.73999,296.140015,296.279999,281.058563,98720400
10/9/19,295.929993,296.670013,295.570007,295.950012,280.745514,40394800
10/10/19,297.100006,299.700012,296.970001,298.880005,283.524994,46754500
10/11/19,298.369995,299.160004,297.920013,298.399994,283.069672,48928200
10/14/19,299.679993,300.23999,298.519989,299.279999,283.904419,45736600
10/15/19,298.690002,299.399994,297.029999,297.970001,282.661743,64304000
10/16/19,299.420013,300.209991,298.940002,299.98999,284.577942,39048600
10/17/19,300.579987,300.899994,298.910004,299.01001,283.648315,48594700
10/18/19,298.730011,299.940002,298.5,299.880005,284.473572,34352200
10/21/19,300.910004,301.070007,299.459991,300.369995,284.938446,35453100
10/22/19,299.73999,302.200012,299.679993,301.600006,286.105225,45205400
10/23/19,302.940002,303.850006,302.910004,303.299988,287.717865,42147000
10/24/19,303,304.230011,302.859985,303.209991,287.632507,44284900
10/25/19,303.429993,304.549988,301.98999,304.140015,288.51474,49643900
10/28/19,304.130005,304.130005,301.730011,303.329987,287.746338,69053800
10/29/19,304.920013,306.190002,304.73999,306.140015,290.411957,71141500
10/30/19,307.850006,308,306.959991,307.369995,291.578796,60606900
10/31/19,307.589996,307.920013,306.709991,307.029999,291.256256,42933200
11/1/19,307.029999,307.399994,306.059998,307.100006,291.322723,46487100
11/4/19,308.570007,309.649994,307.660004,308.179993,292.347137,54272300
11/5/19,307.799988,309,307.029999,308.940002,293.068146,49032100
11/6/19,307.420013,308.540009,307.269989,308.350006,292.508453,35797300
11/7/19,308.75,309.98999,308.149994,309,293.125061,46484600
11/8/19,307.910004,309.540009,307.660004,309.100006,293.21991,53917700
11/11/19,308.790009,309.640015,308.089996,309.549988,293.64682,51219900
11/12/19,311.019989,311.839996,310.26001,311.790009,295.771729,62023600
11/13/19,311.529999,312.279999,311.029999,312.019989,295.989838,49228000
11/14/19,312.679993,312.690002,311.220001,311.929993,295.904541,67804700
11/15/19,311.279999,311.850006,309.059998,310.769989,294.804077,79406200
11/18/19,310.890015,311.01001,309.390015,310.269989,294.329834,54664700
11/19/19,311.089996,311.23999,309.850006,310.959991,294.984314,44850200
11/20/19,311.980011,313.369995,311.980011,313.369995,297.270538,48647200
11/21/19,313.410004,314.279999,313.059998,314.079987,297.944061,37569000
11/22/19,314.609985,315.480011,314.369995,315.480011,299.272156,44444600
11/25/19,314.859985,315.130005,314.059998,314.309998,298.162262,36592700
11/26/19,314.589996,314.660004,311.170013,311.640015,295.629456,75767800
11/27/19,308.649994,309.640015,307.130005,309.549988,293.64682,73941700
11/29/19,310.700012,312.119995,310.320007,311.459991,295.458649,49080000
12/2/19,312.230011,312.25,310.579987,312.019989,295.989838,40709000
12/3/19,314.119995,315.309998,314.109985,314.869995,298.693481,48927000
12/4/19,314.440002,315.179993,313.799988,313.880005,297.754364,34838500
12/5/19,313.820007,314.549988,312.809998,313.529999,297.422333,52649800
12/6/19,314.029999,314.700012,313.440002,314.420013,298.266632,53429100
12/9/19,314.429993,317.98999,314.170013,317.130005,300.837402,96389600
12/10/19,316.869995,318.670013,316.019989,317.320007,301.017731,81503900
12/11/19,319.220001,320.149994,317.25,319.5,303.085632,82749700
12/12/19,319.920013,320.25,319.480011,319.570007,303.152039,61097700
12/13/19,320,320.25,319.529999,319.589996,303.171021,48133000
12/16/19,319.799988,320.980011,319.519989,320.899994,304.413666,85310500
12/17/19,320.459991,321.970001,319.390015,320.730011,305.748322,147142100
12/18/19,321.589996,321.649994,321.059998,321.220001,306.215393,52990000
12/19/19,321.470001,321.519989,320.899994,321.230011,306.224945,20270000
12/20/19,321.649994,322.950012,321.640015,322.940002,307.855103,30911200
12/23/19,323.73999,323.799988,322.279999,322.859985,307.778748,42528800
12/24/19,322.950012,323.100006,320.549988,321.079987,306.08194,49729100
12/26/19,320.529999,322.130005,320.149994,321.859985,306.8255,57077300
12/27/19,323.540009,324.890015,322.529999,324.869995,309.694916,59151200
12/30/19,321.160004,323.640015,321.100006,322.410004,307.349854,77709700
12/31/19,320.48999,323.730011,320.359985,323.640015,308.5224,55653900
1/2/20,323.019989,323.540009,322.23999,322.730011,307.654938,40496400
1/3/20,322.940002,325.779999,322.670013,324.450012,309.294556,68296000
1/6/20,326.160004,326.730011,325.519989,326.649994,311.391754,48473300
1/7/20,327.290009,327.459991,325.200012,325.709991,310.495697,53029300
1/8/20,326.390015,327.959991,325.920013,327.950012,312.631042,47086800
1/9/20,327.470001,328.619995,326.839996,327.450012,312.154388,62832800
1/10/20,327.350006,329.019989,327.26001,328.190002,312.859802,72056600
1/13/20,329.700012,330.920013,329.450012,330.920013,315.46228,54050300
1/14/20,331.700012,332.179993,330.850006,331.950012,316.444214,95846000
1/15/20,330.899994,332.179993,330.820007,331.299988,315.824554,77742400
1/16/20,332.23999,332.950012,331.170013,331.339996,315.862701,48914900
1/17/20,330.630005,332.170013,329.410004,331.720001,316.224945,51963000
1/21/20,332.440002,332.529999,327.359985,328.769989,313.412781,87578400
1/22/20,323.029999,325.119995,322.660004,323.5,308.388916,84062500
1/23/20,325.059998,327.850006,323.600006,326.890015,311.620544,63834000
1/24/20,328.380005,328.630005,326.399994,326.619995,311.36319,53888900
1/27/20,324.359985,327.910004,323.540009,327.679993,312.373596,75491800
1/28/20,327,327.170013,320.730011,321.730011,306.701569,113845600
1/29/20,323.350006,326.160004,323.220001,324.119995,308.979919,69083000
1/30/20,328.070007,330.01001,327.720001,329.059998,313.689178,62573200
1/31/20,332.269989,333.089996,330.670013,332.859985,317.311737,65951100
2/3/20,333.910004,334.190002,332.799988,333.980011,318.379395,50359700
2/4/20,332.820007,333.98999,331.600006,332.200012,316.682587,64139400
2/5/20,331.230011,334.75,331.190002,334.679993,319.046661,42070000
2/6/20,336.160004,337.019989,334.679993,335.26001,319.599609,54864500
2/7/20,336.829987,337.649994,336.429993,337.420013,321.658722,43992700
2/10/20,335.859985,338.119995,335.559998,337.059998,321.315491,54501900
2/11/20,337.51001,337.730011,336.200012,337.600006,321.830261,64582200
2/12/20,336.51001,337.670013,335.209991,336.730011,321.000916,57226200
2/13/20,337.790009,339.079987,337.480011,338.339996,322.535645,48814700
2/14/20,337.73999,338.640015,333.679993,336.950012,321.210571,74163400
2/18/20,335.470001,335.809998,332.579987,333.480011,317.902802,113788200
2/19/20,323.140015,333.559998,321.23999,322.420013,307.359344,161088400
2/20/20,323.940002,324.609985,311.690002,312.649994,298.045746,218913200
2/21/20,314.179993,318.109985,310.700012,311.5,296.949432,194773800
2/24/20,305.459991,311.559998,297.51001,297.51001,283.612946,284353500
2/25/20,288.700012,297.890015,285.540009,296.26001,282.421387,384975800
2/26/20,298.209991,309.160004,294.459991,309.089996,294.652039,238703600
2/27/20,309.5,313.839996,297.570007,300.23999,286.215393,300139100
2/28/20,306.119995,313.100006,303.329987,312.859985,298.245911,176613400
3/2/20,304.980011,308.470001,300.01001,302.459991,288.331696,186366800
3/3/20,293.149994,298.779999,290.230011,297.459991,283.565247,228667200
3/4/20,275.299988,284.190002,273.450012,274.230011,261.42041,309417300
3/5/20,284.640015,288.519989,273.5,288.420013,274.94751,276444100
3/6/20,280.700012,281.940002,270.880005,274.359985,261.54425,255316300
3/9/20,256,266.660004,247.679993,248.110001,236.520462,392220700
3/10/20,263.089996,271.480011,248.520004,269.320007,256.739777,329566100
3/11/20,241.179993,256.899994,237.360001,239.850006,228.646301,297240000
3/12/20,245.039993,256.170013,237.070007,252.800003,240.991409,262070500
3/13/20,236.25,248.369995,228.020004,240,228.789276,327597100
3/16/20,239.25,247.380005,232.220001,240.509995,229.275452,289322000
3/17/20,242.529999,244.470001,228.5,228.800003,219.39502,347158800
3/18/20,228.190002,229.679993,218.259995,222.949997,213.785522,326025200
3/19/20,234.419998,244.100006,233.800003,243.149994,233.155106,235494500
3/20/20,244.869995,256.350006,239.75,246.789993,236.645508,299430300
3/23/20,249.520004,262.799988,249.050003,261.200012,250.463226,257632800
3/24/20,253.270004,260.809998,251.050003,253.419998,243.00296,224341200
3/25/20,255.699997,262.429993,253.529999,261.649994,250.894699,171369500
3/26/20,260.559998,263.329987,256.220001,257.75,247.154999,194881100
3/27/20,247.979996,257.660004,243.899994,246.149994,236.031845,189554600
3/30/20,245.190002,252.679993,244.589996,251.830002,241.478348,177660400
3/31/20,250.759995,253.320007,245.220001,248.190002,237.987991,135561200
4/1/20,257.839996,267,248.169998,264.859985,253.972733,188061200
4/2/20,274.209991,275.029999,264.890015,265.130005,254.231659,201427200
4/3/20,267.959991,276,265.25,274.029999,262.765808,153774500
4/6/20,277.579987,281.200012,275.470001,278.200012,266.764404,189999200
4/7/20,277.140015,277.51001,271.410004,275.660004,264.328796,114839100
4/8/20,280.980011,284.899994,275.51001,283.790009,272.124634,134143400
4/9/20,277.570007,283.940002,275.459991,277.76001,266.342468,121775000
4/13/20,279.149994,280.029999,275.76001,279.100006,267.627411,131798300
4/14/20,285.380005,287.299988,282.399994,286.640015,274.857422,146684800
4/15/20,282.609985,286.790009,281.350006,281.589996,270.015045,100109300
4/16/20,276.730011,278.040009,272.019989,273.040009,261.816528,126385700
4/17/20,278.350006,281,276.910004,279.100006,267.627411,92951600
4/20/20,280.48999,283.940002,278.75,279.079987,267.608215,104709700
4/21/20,280.730011,283.700012,278.5,282.970001,271.338348,85063200
4/22/20,285.119995,288.269989,284.619995,287.049988,275.25061,77896600
4/23/20,291.019989,291.399994,285.399994,285.730011,273.984863,105270000
4/24/20,291.529999,294.880005,290.410004,293.209991,281.157379,118745600
4/27/20,291.709991,293.320007,288.589996,290.480011,278.539612,122901700
4/28/20,285.309998,290.660004,281.519989,282.790009,271.165741,125180000
4/29/20,280.73999,283.899994,279.130005,283.570007,271.913666,80873200
4/30/20,286.640015,289.25,283.709991,286.190002,274.425995,79569900
5/1/20,288.040009,288.459991,283.779999,284.25,272.565704,73632600
5/4/20,287.75,289.779999,287.130005,287.679993,275.854675,75250400
5/5/20,291.089996,292.950012,289.859985,292.440002,280.419067,76452400
5/6/20,290.339996,294,289.880005,292.5,280.476563,79514200
5/7/20,293.790009,294.23999,286.519989,286.670013,274.88623,95870800
5/8/20,286.059998,287.190002,278.959991,281.600006,270.024658,144721100
5/11/20,278.950012,285.109985,272.98999,284.970001,273.256104,121977900
5/12/20,282.369995,286.329987,281.339996,286.279999,274.512299,111146300
5/13/20,293.049988,296.75,292.700012,295,282.873901,119703800
5/14/20,294.350006,296.209991,291.950012,291.970001,279.968384,95189300
5/15/20,295.820007,297.869995,295.570007,296.929993,284.724548,85861700
5/18/20,296.790009,297.670013,293.690002,294.880005,282.758728,78293900
5/19/20,294.570007,295.630005,293.220001,295.440002,283.295715,63958200
5/20/20,301.929993,302.190002,295.459991,299.079987,286.786102,88951400
5/21/20,302.119995,303.570007,296.869995,303.529999,291.053192,104817400
5/22/20,304.649994,306.839996,302.23999,302.970001,290.516266,90405200
5/26/20,302.459991,304.959991,299.470001,304.320007,291.81076,119090800
5/27/20,303.619995,306.209991,303.059998,305.549988,292.990173,55758300
5/28/20,306.549988,308.130005,305.100006,308.079987,295.416138,74267200
5/29/20,310.23999,313.220001,309.940002,312.179993,299.347595,92567600
6/1/20,311.109985,313,309.079987,311.359985,298.56131,75794400
6/2/20,317.230011,321.269989,317.160004,319.339996,306.213348,150524700
6/3/20,320.220001,323.410004,319.630005,323.200012,309.914703,73641200
6/4/20,320.299988,323.279999,319.359985,320.790009,307.603729,77479200
6/5/20,321.420013,322.390015,318.220001,319,305.887299,95000800
6/8/20,311.459991,312.149994,300.01001,300.609985,288.253204,209243600
6/9/20,308.23999,309.079987,298.600006,304.209991,291.7052,194678900
6/10/20,298.019989,308.279999,296.73999,307.049988,294.428528,135782700
6/11/20,315.480011,315.640015,307.670013,312.959991,300.095642,137627500
6/12/20,314.070007,314.390015,310.859985,311.660004,298.84906,83398900
6/15/20,310.01001,312.299988,309.51001,311.779999,298.96405,80828700
6/16/20,314.170013,314.380005,306.529999,308.640015,297.255524,135549600
6/17/20,307.98999,311.049988,306.75,310.619995,299.162476,74649400
6/18/20,313.48999,314.5,311.609985,312.049988,300.539703,68471200
6/19/20,309.839996,310.51001,302.100006,304.089996,292.873352,132813500
6/22/20,303.470001,307.640015,301.279999,307.350006,296.013123,89468000
6/23/20,306.160004,306.390015,299.420013,300.049988,288.982361,127961000
6/24/20,301.410004,304.609985,298.929993,304.459991,293.229736,79773300
6/25/20,303.98999,310.200012,303.820007,308.359985,296.98584,113394800
6/26/20,309.570007,311.890015,309.070007,310.519989,299.066162,72396500
6/29/20,314.23999,315.700012,311.51001,312.230011,300.713104,69344200
6/30/20,316.369995,317.679993,315.559998,317.049988,305.355286,61713800
7/1/20,315.380005,317.519989,313.369995,313.779999,302.205933,82910000
7/2/20,314.609985,316.299988,312.700012,316.179993,304.517395,54638600
7/6/20,316.839996,317.100006,310.679993,314.380005,302.783783,83354200
7/7/20,314.309998,317.880005,312.76001,317.589996,305.875397,57550400
7/8/20,320.130005,322.709991,314.130005,314.839996,303.226776,102997500
7/9/20,313.299988,319.76001,312,318.920013,307.156281,93657000
7/10/20,322.410004,323.040009,319.269989,321.850006,309.978241,87196500
7/13/20,319.790009,321.279999,319.089996,320.790009,308.957367,54622500
7/14/20,321.880005,322.570007,319.73999,321.720001,309.853058,62774900
7/15/20,321.429993,325.130005,320.619995,324.320007,312.357147,56308800
7/16/20,326.450012,326.929993,323.940002,325.01001,313.021698,57292200
7/17/20,324.619995,327.200012,324.5,326.859985,314.803406,57792900
7/20/20,326.470001,327.230011,321.480011,322.959991,311.047272,75738000
7/21/20,320.950012,321.98999,319.25,320.880005,309.044037,73766600
7/22/20,321.630005,323.410004,320.769989,323.220001,311.29776,48293000
7/23/20,322.429993,323.640015,320.850006,321.170013,309.323334,57495000
7/24/20,322.119995,325.730011,322.079987,325.119995,313.127625,48454200
7/27/20,321.899994,324.410004,319.640015,323.959991,312.010406,61861700
7/28/20,325.899994,326.630005,321.329987,326.519989,314.475952,84986800
7/29/20,328.320007,329.619995,327.730011,328.790009,316.662292,53077900
7/30/20,327.859985,330.059998,327.859985,330.059998,317.885406,41917900
7/31/20,331.470001,332.390015,331.179993,332.109985,319.859802,42697700
8/3/20,331.480011,334.459991,331.130005,334.329987,321.997833,43679400
8/4/20,333.279999,334.880005,332.299988,334.570007,322.229065,57308300
8/5/20,335.059998,335.769989,332.959991,335.570007,323.1922,44282100
8/6/20,336.850006,337.540009,332.01001,332.799988,320.524353,69601100
8/7/20,335.440002,338.279999,335.410004,337.440002,324.993225,53774400
8/10/20,336.609985,338.25,335.829987,336.829987,324.405701,41816100
8/11/20,336.410004,337.420013,335.619995,336.839996,324.415344,47260400
8/12/20,337.940002,338.339996,336.850006,337.910004,325.445831,35481000
8/13/20,338.339996,339.100006,336.609985,338.640015,326.148926,38733900
8/14/20,339.049988,339.609985,336.619995,337.230011,324.790985,68054200
8/17/20,335.359985,338.799988,335.220001,338.279999,325.802216,42207800
8/18/20,337.920013,339.720001,337.549988,339.480011,326.957947,55106600
8/19/20,342.119995,343,339.450012,342.920013,330.271057,48588700
8/20/20,343.529999,344.209991,342.269989,344.119995,331.426819,38463400
8/21/20,344.76001,347.859985,344.170013,347.570007,334.749573,50790200
8/24/20,348.51001,349.899994,346.529999,348.329987,335.481506,58034100
8/25/20,349.440002,350.720001,348.149994,350.579987,337.648529,48588900
8/26/20,350.350006,351.299988,349.059998,349.309998,336.425354,66099200
8/27/20,350.209991,352.709991,349.23999,352.600006,339.594025,54908700
8/28/20,354.670013,358.75,353.429993,357.700012,344.50589,69540000
8/31/20,355.869995,356.380005,342.589996,345.390015,332.649963,148011100
9/1/20,346.130005,347.829987,334.869995,342.570007,329.933929,139156300
9/2/20,336.709991,342.640015,332.880005,333.209991,320.91925,114465300
9/3/20,337.549988,342.459991,336.609985,339.790009,327.256531,91462300
9/4/20,341.820007,342.529999,332.850006,333.890015,321.574188,90569500
9/8/20,335.820007,336.970001,331,334.059998,321.737854,84680200
9/9/20,337.48999,340.380005,334.220001,338.459991,325.975555,65605700
9/10/20,341.119995,342.019989,338.470001,340.170013,327.622559,52920900
9/11/20,341.51001,343.059998,338.519989,338.820007,326.322296,82096000
9/14/20,333.559998,337.700012,332.98999,335.839996,323.452209,91523300
9/15/20,335.369995,335.48999,327.970001,330.649994,319.728424,105877900
9/16/20,325.700012,327.130005,321.730011,326.970001,316.169952,99450800
9/17/20,328.570007,330.899994,325.859985,330.299988,319.389954,63612100
9/18/20,330.899994,331.200012,322.100006,322.640015,311.983032,93112200
9/21/20,321.220001,326.799988,319.799988,323.5,312.814575,76681300
9/22/20,322.579987,329.579987,321.640015,328.730011,317.871826,71069400
9/23/20,333.220001,334.959991,332.149994,334.190002,323.151489,64584600
9/24/20,333.970001,334.769989,331.619995,332.369995,321.391571,51304000
9/25/20,333.089996,338.290009,332.880005,334.890015,323.82843,104081100
9/28/20,337.690002,338.73999,335.01001,337.040009,325.907318,88698700
9/29/20,331.700012,337.01001,331.190002,333.839996,322.813019,89431100
9/30/20,336.059998,339.959991,336.01001,339.76001,328.537476,45713100
10/1/20,339.910004,342.170013,334.380005,334.929993,323.867035,90128900
10/2/20,338.119995,341.630005,338.089996,340.76001,329.504456,56999600
10/5/20,342.850006,343.850006,341.859985,343.779999,332.424683,45242500
10/6/20,345.559998,347.350006,344.890015,346.850006,335.393311,59528600
10/7/20,349.589996,354.019989,349.059998,352.429993,340.788971,80388500
10/8/20,352.279999,352.470001,349.089996,350.130005,338.564972,73255500
10/9/20,350.75,351.929993,347.140015,347.929993,336.437622,57727900
10/12/20,343.709991,348.019989,343.130005,347.5,336.02182,60357700
10/13/20,348.959991,350.75,347.100006,347.290009,335.818756,89501900
10/14/20,348.649994,349.329987,341.040009,342.01001,330.713196,68425600
10/15/20,343.459991,346.880005,342.640015,343.380005,332.037933,60051900
10/16/20,343.329987,345.670013,342.399994,342.730011,331.409393,63575000
10/19/20,342.959991,345.23999,340.649994,344.609985,333.227264,55399300
10/20/20,345.929993,345.98999,343.130005,345.779999,334.358643,49143900
10/21/20,342.130005,342.980011,335.619995,339.390015,328.179718,91473000
10/22/20,339.76001,340.119995,337.98999,338.220001,327.04834,65994100
10/23/20,332.100006,338.25,326.130005,326.660004,315.870239,127094300
10/26/20,326.910004,333.399994,325.089996,329.980011,319.080536,90597700
10/27/20,328.279999,329.690002,322.600006,326.540009,315.754181,120287300
10/28/20,330.200012,332.359985,327.23999,330.200012,319.293304,86068300
10/29/20,333.690002,338.25,330.290009,336.029999,324.930695,93294200
10/30/20,340.859985,347.940002,339.589996,343.540009,332.192657,126959700
11/2/20,349.23999,352.190002,348.859985,350.23999,338.671326,82039700
11/3/20,349.929993,351.51001,347.649994,350.160004,338.593994,74973000
11/4/20,363.970001,364.380005,354.059998,354.559998,342.848572,172304200
11/5/20,353.48999,355.179993,350.51001,354.040009,342.345825,85552000
11/6/20,356.399994,357.559998,355.059998,356.670013,344.888947,58649000
11/9/20,355.579987,356.720001,351.26001,353.209991,341.543274,67546200
11/10/20,355.269989,358.899994,354.709991,358.100006,346.271729,62892200
11/11/20,360.980011,362.779999,359.589996,362.570007,350.594055,74541100
11/12/20,359.970001,361.920013,358.339996,360.619995,348.708496,66111000
11/13/20,360.910004,361.5,356.23999,356.279999,344.51178,70591300
11/16/20,355.600006,358.179993,354.149994,357.779999,345.962311,59940900
11/17/20,357.5,357.720001,355.25,355.329987,343.593262,70417300
11/18/20,357.279999,358.820007,354.869995,357.459991,345.652832,63230600
11/19/20,360.209991,363.809998,359.290009,363.220001,351.222626,62415900
11/20/20,363.130005,363.160004,361.480011,362.660004,350.681122,45330900
11/23/20,363.839996,364.179993,362.579987,363.670013,351.657684,28514100
11/24/20,362.829987,363.119995,359.170013,362.059998,350.100891,83872700
11/25/20,365.570007,367.679993,364.929993,366.019989,353.930115,74231400
11/27/20,364.820007,366.959991,364.200012,366.790009,354.674683,45927000
11/30/20,366.679993,368.190002,365.5,366.690002,354.578003,62882000
12/1/20,367.320007,369.850006,367.220001,369.850006,357.633636,50749900
12/2/20,369.019989,369.619995,367.720001,369.089996,356.898743,48944300
12/3/20,367.720001,370.779999,367.670013,370.170013,357.943024,42458900
12/4/20,370.880005,371.049988,365.950012,366.850006,354.732727,74098300
12/7/20,365.369995,367.859985,364.429993,366.730011,354.616638,57735400
12/8/20,364.899994,366.73999,363.26001,366.299988,354.200836,57698600
12/9/20,368.640015,369.799988,364.470001,364.660004,352.61499,69216200
12/10/20,367.399994,369.589996,365.920013,369.589996,357.382172,63865300
12/11/20,369.820007,371.160004,368.869995,370.170013,357.943024,58420500
12/14/20,371.940002,372.459991,371.049988,372.23999,359.944672,64119500
12/15/20,370.970001,371.149994,367.019989,369.179993,358.507477,136542300
12/16/20,364.970001,378.459991,362.029999,367.859985,357.225586,96386700
12/17/20,368.209991,368.329987,366.029999,367.23999,356.623505,47949000
12/18/20,368.279999,369.619995,367.220001,367.570007,356.944031,46201400
12/21/20,368.079987,369.029999,367.450012,369,358.332672,26457900
12/22/20,371.73999,372.589996,371.070007,372.170013,361.411011,39000400
12/23/20,373.809998,374,370.829987,371.459991,360.721527,53680500
12/24/20,372.339996,373.100006,371.570007,371.98999,361.236237,49455300
12/28/20,371.779999,374.660004,371.230011,373.880005,363.071625,78520700
12/29/20,375.309998,375.450012,364.820007,368.790009,358.128723,110210800
12/30/20,368.100006,372.5,368.049988,371.329987,360.595306,66426200
12/31/20,369.709991,376.980011,369.119995,373.549988,362.751099,107997700
1/4/21,376.100006,379.899994,375.910004,379.100006,368.140717,68766800
1/5/21,380.589996,381.48999,377.100006,381.26001,370.238251,71677200
1/6/21,377.850006,380.579987,377.720001,378.690002,367.742584,51034700
1/7/21,378.890015,379.859985,376.359985,378.769989,367.82019,52547700
1/8/21,378.690002,380.859985,377.850006,379.790009,368.81073,45303600
1/11/21,380.589996,381.130005,378.100006,378.459991,367.519196,49989100
1/12/21,376.720001,377.579987,373.700012,375.700012,364.838989,107160000
1/13/21,378.339996,379.230011,376.75,378.649994,367.703705,51233300
1/14/21,381.109985,384.790009,380.690002,383.890015,372.792236,61836100
1/15/21,384.48999,384.950012,383.25,384.23999,373.13208,47840100
1/19/21,382.25,384.130005,381.839996,382.880005,371.811401,52860500
1/20/21,383.670013,384.769989,378.459991,384.390015,373.277771,70402000
1/21/21,385.410004,385.850006,383.540009,383.790009,372.695129,42665300
1/22/21,380.220001,380.320007,372.01001,374.410004,363.586273,123351100
1/25/21,376.359985,381.929993,375.890015,377.630005,366.713165,94198100
1/26/21,375.630005,376.670013,368.269989,370.070007,359.371735,126765100
1/27/21,373.720001,377.339996,370.380005,376.230011,365.353638,75817600
1/28/21,379.649994,383.220001,376.320007,381.549988,370.519836,64450700
1/29/21,382.440002,383.700012,380.480011,381.850006,370.811157,52427100
2/1/21,382.959991,386.23999,381.970001,386.190002,375.025757,47142600
2/2/21,388.200012,388.470001,386.140015,387.709991,376.50177,48669800
2/3/21,389.269989,390.559998,388.350006,390.51001,379.220856,38365200
2/4/21,389.609985,390.890015,389.170013,390.25,378.968353,35551100
2/5/21,392.119995,392.279999,387.5,390.079987,378.803284,59154400
2/8/21,391.23999,391.690002,388.100006,390.709991,379.41507,42913300
2/9/21,389.850006,392.899994,389.769989,392.640015,381.289215,50593300
2/10/21,393.959991,394.170013,391.529999,392.299988,380.959045,50972400
2/11/21,390.420013,392.660004,389.329987,392.390015,381.046478,52290600
2/12/21,389.589996,391.519989,387.73999,390.720001,379.424774,59712800
2/16/21,392.070007,392.380005,389.549988,390.029999,378.7547,83241000
2/17/21,387.059998,389.619995,386.73999,387.029999,375.841431,67414200
2/18/21,384.660004,388.950012,380.200012,387.5,376.297882,107284100
2/19/21,386.329987,392.230011,385.269989,391.769989,380.444366,72433900
2/22/21,390.410004,391.880005,380.779999,382.329987,371.277283,146670500
2/23/21,384.350006,385.579987,378.230011,380.359985,369.364227,152701600
2/24/21,385.589996,390.920013,380.570007,389.579987,378.317719,105348800
2/25/21,389.820007,390.070007,386,386.540009,375.365601,79595300
2/26/21,385.790009,386.829987,381.309998,381.420013,370.393616,119940200
3/1/21,381.220001,384,371.880005,376.700012,365.810089,183433000
3/2/21,380.459991,384.76001,372.640015,383.630005,372.539703,152039600
3/3/21,384.660004,387.679993,381.420013,381.720001,370.684937,123149200
3/4/21,385.850006,389.910004,385.309998,387.170013,375.977386,113633600
3/5/21,389.690002,391.399994,388.170013,389.579987,378.317719,109899400
3/8/21,392.230011,395.649994,391.73999,393.529999,382.153564,86245000
3/9/21,392.070007,394.209991,391.200012,394.059998,382.668213,64653600
3/10/21,394.329987,396.690002,392.029999,396.410004,384.950256,73427200
3/11/21,397.070007,397.829987,395.079987,395.910004,384.464691,73722500
3/12/21,394.529999,398.119995,393.299988,397.26001,385.775696,97959300
3/15/21,394.480011,396.720001,390.75,391.480011,380.162811,115349100
3/16/21,389.880005,391.570007,387.149994,389.480011,379.459381,113624500
3/17/21,390.029999,394.070007,389.970001,392.589996,382.489349,73778600
3/18/21,391.910004,393.459991,388.660004,389.5,379.478851,90686600
3/19/21,391,392.75,387.470001,387.519989,377.549774,97588600
3/22/21,385.980011,390.549988,383.899994,389.700012,379.673706,116128600
3/23/21,390.929993,396.410004,390.290009,395.980011,385.792145,114409100
3/24/21,394.399994,396.75,392.809998,395.779999,385.59726,108107600
3/25/21,394.420013,395.450012,393.019989,394.730011,384.57428,76262200
3/26/21,395.339996,398,395.309998,396.329987,386.133118,112734200
3/29/21,398.399994,400.670013,398.179993,400.609985,390.303009,99682900
3/30/21,403.459991,406.940002,403.380005,406.359985,395.90506,91684800
3/31/21,405.76001,407.23999,405.399994,406.119995,395.671234,62021000
4/1/21,405.940002,406.959991,405.450012,406.589996,396.12915,55836300
4/5/21,407.929993,408.579987,406.929993,408.519989,398.009491,57863100
4/6/21,408.390015,411.670013,408.26001,411.48999,400.903107,61104600
4/7/21,410.850006,411.929993,410.200012,411.640015,401.049225,56704900
4/8/21,411.529999,413.529999,411.119995,412.859985,402.237854,56551000
4/9/21,412.829987,413.959991,410.869995,411.450012,400.864105,61659900
4/12/21,413.73999,416.160004,413.690002,415.869995,405.170441,60229800
4/13/21,417.25,417.910004,415.730011,417.26001,406.524628,82037300
4/14/21,416.26001,416.73999,413.790009,415.209991,404.527374,78498500
4/15/21,413.910004,415.089996,410.589996,412.170013,401.565613,81851800
4/16/21,411.51001,416.290009,411.359985,416.070007,405.365234,66793000
4/19/21,415.890015,416.779999,411.130005,412.269989,401.663025,97582800
4/20/21,412.869995,418.25,412.790009,416.73999,406.018005,73209200
4/21/21,417.440002,418.220001,416.809998,417.609985,406.865662,52182400
4/22/21,417.929993,418.140015,416.299988,417.519989,406.777924,51303100
4/23/21,417.809998,419.01001,416.899994,417.399994,406.661011,51238900
4/26/21,420.320007,420.720001,416.440002,420.059998,409.252594,78544300
4/27/21,417.630005,418.540009,416.339996,417.299988,406.563599,85527000
4/28/21,419.429993,419.839996,417.670013,418.200012,407.44046,68128300
4/29/21,416.070007,416.600006,411.670013,415.619995,404.926819,101591200
4/30/21,417.380005,417.630005,415.149994,415.75,405.053497,60162200
5/3/21,415.829987,419.209991,413.679993,419.070007,408.288116,74321400
5/4/21,419.890015,422.820007,419.160004,422.119995,411.259613,67733800
5/5/21,422.5,422.73999,417.809998,417.940002,407.187103,81852400
5/6/21,413.100006,415.269989,410.059998,414.209991,403.553101,116888000
5/7/21,411.230011,412.589996,404,405.410004,394.979492,134811000
5/10/21,407.070007,412.350006,407.019989,410.279999,399.724243,106394000
5/11/21,413.209991,417.48999,413.179993,416.579987,405.862122,82201600
5/12/21,415.390015,416.390015,413.359985,415.519989,404.829407,65129200
5/13/21,415.799988,416.059998,411.769989,411.940002,401.341492,59810200
5/14/21,406.920013,411.049988,405.329987,410.859985,400.289307,106467100
5/17/21,411.799988,416.630005,411.670013,415.279999,404.595581,78022200
5/18/21,416.869995,418.200012,414.450012,414.940002,404.264313,76578700
5/19/21,417.339996,420.320007,417.079987,419.170013,408.385559,51376700
5/20/21,420.329987,420.709991,417.619995,418.23999,407.479431,57451400
5/21/21,418.869995,419.609985,417.76001,419.070007,408.288116,43088600
5/24/21,420.170013,420.720001,418.98999,419.290009,408.50238,56707700
5/25/21,420.970001,421.25,419.790009,420.040009,409.233124,58520200
5/26/21,422.570007,422.720001,419.200012,419.670013,408.872681,54216600
5/27/21,420.369995,421.230011,419.290009,420.329987,409.515625,49097100
5/28/21,417.850006,419.98999,416.279999,418.769989,407.995789,58138800
6/1/21,420.75,422.920013,418.839996,422.600006,411.727234,55938800
6/2/21,422.589996,422.779999,421.190002,422.190002,411.32782,51555000
6/3/21,423.109985,423.209991,420.320007,422.279999,411.415497,47134300
6/4/21,423.179993,423.26001,421.410004,421.649994,410.801697,48436300
6/7/21,422.959991,424.630005,421.549988,423.609985,412.711273,51020100
6/8/21,424.200012,424.429993,422.820007,424.309998,413.39328,45570800
6/9/21,424.429993,425.369995,423.100006,425.26001,414.318848,42358500
6/10/21,425.420013,425.459991,423.540009,424.480011,413.558899,51508500
6/11/21,424.630005,424.869995,419.920013,422.109985,411.249817,80386100
6/14/21,421.670013,423.019989,419.320007,421.970001,411.113464,90949700
6/15/21,417.089996,417.829987,414.700012,414.920013,405.567383,118676300
6/16/21,416.799988,421.059998,415.929993,420.859985,411.373444,72822000
6/17/21,420.850006,424,420.079987,423.109985,413.572723,57700300
6/18/21,423.190002,424.049988,422.51001,422.600006,413.07428,49445400
6/21/21,424.890015,425.549988,424.619995,425.100006,415.517883,45110300
6/22/21,425.899994,427.089996,425.549988,426.609985,416.993866,58129500
6/23/21,427.170013,427.649994,425.890015,427.470001,417.834442,53159600
6/24/21,427.880005,428.559998,427.130005,427.700012,418.059265,35970500
6/25/21,427.209991,428.779999,427.179993,428.059998,418.411163,64827900
6/28/21,428.869995,430.600006,428.799988,430.429993,420.727753,53441000
6/29/21,431.670013,434.100006,430.519989,433.720001,423.943604,57697700
6/30/21,433.779999,434.01001,430.01001,432.929993,423.171387,68710400
7/1/21,433.660004,434.76001,431.51001,434.459991,424.666901,63549500
7/2/21,428.779999,431.730011,427.519989,430.920013,421.206696,97595200
7/6/21,432.529999,435.839996,430.709991,435.519989,425.702972,76238600
7/7/21,435.429993,437.350006,434.970001,437.079987,427.227844,52889600
7/8/21,436.23999,437.839996,435.309998,435.589996,425.771454,52911300
7/9/21,437.399994,437.920013,434.910004,436.23999,426.406769,64130400
7/12/21,434.809998,435.529999,432.720001,434.75,424.950409,55126400
7/13/21,436.01001,436.059998,430.920013,431.339996,421.617249,75874700
7/14/21,426.190002,431.410004,421.970001,424.970001,415.390808,147987000
7/15/21,425.679993,432.420013,424.829987,431.059998,421.343567,99608200
7/16/21,432.339996,434.700012,431.01001,434.549988,424.754883,64724400
7/19/21,434.73999,435.720001,433.690002,435.459991,425.644318,47878500
7/20/21,437.519989,440.299988,436.790009,439.940002,430.023376,63766600
7/21/21,439.309998,441.029999,439.26001,441.019989,431.07901,43719200
7/22/21,439.910004,439.940002,435.98999,439.01001,429.11438,67397100
7/23/21,439.679993,440.299988,437.309998,438.829987,428.938385,52472400
7/26/21,439.820007,441.799988,439.809998,440.649994,430.717407,47435300
7/27/21,437.910004,440.059998,437.769989,438.51001,428.625641,68951200
7/28/21,440.339996,440.929993,437.209991,437.589996,427.726349,58783300
7/29/21,438.440002,441.279999,436.100006,441.149994,431.206116,58053900
7/30/21,439.779999,441.119995,438.730011,438.980011,429.085052,46732200
8/2/21,440.220001,441.850006,439.880005,441.76001,431.802338,38969700
8/3/21,442.100006,442.940002,441.799988,442.48999,432.5159,46930000
8/4/21,442.459991,442.799988,441.309998,442.130005,432.164063,41222600
8/5/21,442.609985,443.440002,441.880005,442.679993,432.701599,43339300
8/6/21,443.820007,443.880005,442.619995,443.779999,433.776855,44034300
8/9/21,443.619995,445.26001,442.660004,445.109985,435.076874,38909400
8/10/21,445.589996,445.940002,445.070007,445.920013,435.868591,39470300
8/11/21,444.529999,447.109985,442.869995,446.970001,436.894928,73740000
8/12/21,444.23999,444.959991,440.850006,444.040009,434.031006,92673900
8/13/21,442.959991,444.630005,438.920013,439.179993,429.280487,89351900
8/16/21,436.269989,441.140015,436.119995,439.859985,429.94516,92812200
8/17/21,440.230011,443.709991,439.709991,443.359985,433.366302,72008700
8/18/21,445.160004,448.230011,443.440002,447.26001,437.178436,54973000
8/19/21,447.970001,448.540009,447.420013,447.970001,437.872375,38744700
8/20/21,448.170013,449.459991,447.769989,448.910004,438.791199,40529700
8/23/21,448.609985,448.859985,446.160004,446.26001,436.200958,57829600
8/24/21,447.119995,450.649994,447.059998,450.25,440.101013,77235100
8/25/21,450.970001,453.070007,450.709991,452.230011,442.036407,48357400
8/26/21,452.130005,452.48999,450.920013,451.559998,441.38147,59300200
8/27/21,452.559998,453.109985,451.549988,451.799988,441.616058,48721400
8/30/21,453.320007,454.049988,451.910004,453.190002,442.974731,42501000
8/31/21,451.980011,453.630005,451.549988,453.079987,442.867157,47170500
9/1/21,452.709991,452.809998,450.73999,451.459991,441.283722,51671500
9/2/21,450.890015,451.670013,448.859985,450.910004,440.746124,56181900
9/3/21,450.700012,452.570007,448.720001,448.980011,438.859619,57970400
9/7/21,451.040009,451.48999,445.309998,445.440002,435.399445,89948200
9/8/21,448.640015,448.920013,444.109985,446.579987,436.513702,83738600
9/9/21,448.119995,448.339996,443.220001,444.170013,434.158081,78197100
9/10/21,444.619995,448.410004,443.440002,447.880005,437.784393,78792200
9/13/21,447.320007,448.359985,444.019989,447.170013,437.090454,77786700
9/14/21,444.920013,445.369995,441.019989,441.399994,432.832672,118425000
9/15/21,434.880005,436.559998,428.859985,434.040009,425.61557,166445500
9/16/21,436.529999,437.910004,433.070007,433.630005,425.213531,92526100
9/17/21,436.049988,440.029999,433.75,437.859985,429.36142,102350100
9/20/21,439.850006,444.890015,439.600006,443.179993,434.578125,76396000
9/21/21,441.440002,444.670013,441.209991,443.910004,435.294006,62094800
9/22/21,442.809998,444.049988,441.899994,442.640015,434.048645,61371100
9/23/21,439.690002,440.040009,432.940002,433.720001,425.301758,130436300
9/24/21,435.190002,437.040009,433.850006,434.450012,426.017609,82329200
9/27/21,436.019989,436.769989,428.779999,429.140015,420.810669,140506000
9/28/21,430.980011,436.029999,427.230011,434.23999,425.811676,129240100
9/29/21,433,433.959991,426.359985,428.640015,420.320404,128570000
9/30/21,430.23999,435.48999,429.390015,433.100006,424.693787,90682500
10/1/21,429.269989,435.119995,427.540009,434.899994,426.458832,113032200
10/4/21,438.390015,441.679993,438.200012,438.660004,430.145935,72437500
10/5/21,439.480011,439.890015,437.190002,437.859985,429.36142,74557400
10/6/21,437.160004,440.26001,434.619995,434.690002,426.25296,65233300
10/7/21,435.670013,436.100006,432.779999,433.619995,425.203674,71181200
10/8/21,434.709991,436.049988,431.540009,435.179993,426.733429,72974000
10/11/21,439.079987,442.660004,438.579987,442.5,433.911377,70236800
10/12/21,444.75,446.26001,444.089996,445.869995,437.215942,66260200
10/13/21,443.970001,447.549988,443.269989,447.190002,438.510345,62213200
10/14/21,448.920013,450.709991,448.269989,450.640015,441.893402,46996800
10/15/21,451.130005,452.730011,451.01001,452.410004,443.628998,49571600
10/18/21,451.769989,453.829987,451.309998,453.589996,444.786102,41305400
10/19/21,453.130005,454.670013,451.049988,453.119995,444.325226,58845100
10/20/21,454.279999,455.899994,452.390015,455.549988,446.708069,45214500
10/21/21,457.200012,458.48999,455.559998,455.959991,447.110077,56075100
10/22/21,456.450012,457.160004,453.859985,453.940002,445.129333,72438000
10/25/21,455.459991,458.399994,455.450012,458.320007,449.424316,51437900
10/26/21,455.869995,459.559998,455.559998,459.25,450.336273,70162400
10/27/21,460.299988,460.700012,458.200012,460.040009,451.110901,48433600
10/28/21,460.220001,462.230011,460.079987,461.899994,452.934784,48908400
10/29/21,461.299988,465.149994,460.829987,464.720001,455.700043,52509800
11/1/21,465.359985,467,464.98999,466.910004,457.847565,52847100
11/2/21,469.279999,470.649994,466.920013,468.529999,459.436096,66390600
11/3/21,469.700012,470.230011,468.200012,468.929993,459.828369,50405200
11/4/21,469.320007,469.570007,465.880005,467.380005,458.308441,51149100
11/5/21,465.579987,467.380005,462.040009,463.619995,454.621429,69429700
11/8/21,465.209991,465.290009,463.75,463.769989,454.768463,34848500
11/9/21,465.119995,467.859985,464.109985,467.269989,458.200592,53466700
11/10/21,468.640015,468.809998,466.230011,467.429993,458.357452,46980500
11/11/21,467.149994,470.48999,467.070007,469.279999,460.171539,48857500
11/12/21,469,469.190002,467.480011,468.140015,459.053741,47858300
11/15/21,469.23999,470.01001,466.339996,469.730011,460.612823,50625600
11/16/21,469.609985,470.940002,468.5,468.890015,459.789185,57315600
11/17/21,470.890015,473.540009,467.350006,467.570007,458.494781,72762000
11/18/21,467.220001,469.100006,464.450012,468.190002,459.102722,73206500
11/19/21,466.059998,469.570007,465.190002,469.440002,460.328461,61858800
11/22/21,462.339996,463.899994,457.769989,458.970001,450.061707,112669600
11/23/21,464.070007,466.559998,461.730011,464.600006,455.582397,86268800
11/24/21,462,464.029999,455.299988,455.559998,446.717865,148559600
11/26/21,461.640015,464.670013,450.290009,450.5,441.756104,131939200
11/29/21,450.730011,459.070007,450.309998,457.399994,448.522125,127637800
11/30/21,459.170013,460.299988,448.920013,453.420013,444.619446,137331600
12/1/21,456.130005,460.790009,453.559998,458.790009,449.885223,98977500
12/2/21,464.410004,468.880005,458.649994,468.279999,459.190979,95484700
12/3/21,468.700012,470,466.829987,469.519989,460.406891,72238800
12/6/21,468.149994,469.630005,466.140015,466.350006,457.298462,61272600
12/7/21,469.230011,470.899994,466.51001,470.73999,461.60321,77159800
12/8/21,470.190002,470.559998,466.269989,466.570007,457.514191,87724700
12/9/21,463.089996,465.73999,460.25,463.359985,454.366455,97264100
12/10/21,463.420013,470.859985,460.73999,470.600006,461.465942,116899300
12/13/21,472.570007,472.869995,464.799988,466.450012,457.396515,116568600
12/14/21,461.549988,464.73999,458.059998,459.869995,452.528473,135511600
12/15/21,454.480011,455.399994,451.140015,454.980011,447.716583,107134800
12/16/21,458.609985,463.209991,456.309998,463.059998,455.667572,69806300
12/17/21,462.790009,467.809998,462.579987,467.690002,460.223663,58890200
12/20/21,468.75,472.190002,468.640015,470.600006,463.087189,56439700
12/21/21,472.059998,477.309998,472.01001,477.26001,469.640869,56808600
12/22/21,477.720001,478.809998,476.059998,476.869995,469.25708,47274600
12/23/21,476.980011,478.559998,475.920013,477.480011,469.857361,54503000
12/27/21,477.929993,479,475.670013,476.160004,468.558411,55329000
12/28/21,475.640015,476.859985,474.670013,474.959991,467.377594,65237400
12/29/21,476.299988,477.850006,473.850006,477.709991,470.083679,72668200
12/30/21,479.220001,479.980011,475.579987,477.549988,469.926239,71178700
12/31/21,477.160004,477.980011,468.279999,468.380005,460.902649,104538900
1/3/22,467.890015,470.820007,465.429993,467.940002,460.469666,86858900
1/4/22,467.950012,469.200012,464.649994,466.089996,458.6492,85111600
1/5/22,462.700012,465.73999,456.600006,465.51001,458.078461,119362000
1/6/22,465.230011,469.850006,462.049988,469.75,462.250763,74303100
1/7/22,471.589996,473.200012,468.940002,471.019989,463.500488,67605400
1/10/22,472.190002,472.880005,463.440002,464.529999,457.114075,91173100
1/11/22,461.190002,465.089996,459.899994,464.720001,457.301056,95890900
1/12/22,459.73999,459.959991,455.309998,456.48999,449.202423,109709100
1/13/22,458.130005,459.609985,451.459991,451.75,444.538086,109357600
1/14/22,453.75,458.73999,444.5,446.75,439.61795,122379700
1/18/22,445.559998,448.059998,437.950012,437.980011,430.987946,202271200
1/19/22,432.029999,440.380005,420.76001,439.839996,432.818237,251783900
1/20/22,433.059998,439.720001,427.149994,434.470001,427.533966,167997300
1/21/22,440.720001,444.040009,428.859985,433.380005,426.461395,186391100
1/24/22,438.26001,441.589996,429.450012,431.23999,424.35556,149878300
1/25/22,432.679993,442,427.820007,441.950012,434.894562,164457400
1/26/22,441.23999,450.279999,439.809998,449.910004,442.727509,152251400
1/27/22,450.679993,453.630005,446.940002,452.950012,445.718994,123155400
1/28/22,455.5,458.119995,453.049988,457.350006,450.048706,117361000
1/31/22,450.950012,452.970001,445.709991,446.600006,439.470337,118024400
2/1/22,446.350006,452.779999,443.829987,448.700012,441.536804,118454400
2/2/22,449.51001,450.98999,445.850006,447.26001,440.119812,84472900
2/3/22,446.730011,451.920013,445.220001,450.940002,443.741058,81012000
2/4/22,455.220001,457.880005,455.01001,457.540009,450.235687,92589900
2/7/22,451.339996,457.709991,447.200012,449.320007,442.146942,140103700
2/8/22,449.410004,451.609985,438.940002,440.459991,433.428345,153214600
2/9/22,439.920013,441.600006,435.339996,439.019989,432.011353,123006300
2/10/22,443.730011,446.279999,443.179993,446.100006,438.978333,88482700
2/11/22,443.929993,448.059998,441.940002,446.600006,439.470337,84863600
2/14/22,443.220001,446.570007,436.420013,437.059998,430.082642,102259100
2/15/22,437.329987,438.660004,431.820007,434.230011,427.297821,132642900
2/16/22,431.890015,435.5,425.859985,429.570007,422.712219,124391800
2/17/22,432.660004,433.26001,421.350006,421.950012,415.213867,132578000
2/18/22,411.019989,428.76001,410.640015,428.299988,421.462494,213942900
2/22/22,429.609985,437.839996,427.859985,437.75,430.761597,121804500
2/23/22,432.029999,438.200012,430.700012,436.630005,429.659515,145615000
2/24/22,435.040009,437.170013,427.109985,429.980011,423.115692,137785900
2/25/22,432.369995,439.720001,431.570007,437.890015,430.899414,117726500
2/28/22,440.470001,441.109985,433.799988,435.709991,428.754181,105501700
3/1/22,431.75,433.369995,427.880005,432.170013,425.270721,113978200
3/2/22,431.549988,432.299988,419.359985,419.429993,412.73407,137896600
3/3/22,419.619995,427.209991,415.119995,416.25,409.604858,164772700
3/4/22,425.140015,429.51001,422.820007,427.410004,420.58667,116990800
3/7/22,422.519989,426.429993,420.440002,425.480011,418.687531,93972700
3/8/22,428.119995,428.769989,419.529999,420.070007,413.363861,95636300
3/9/22,420.890015,424.549988,415.790009,417,410.342896,95729200
3/10/22,419.769989,426.839996,418.420013,426.170013,419.366486,106219100
3/11/22,429.890015,435.679993,424.799988,435.619995,428.665619,144954800
3/14/22,433.589996,441.070007,433.190002,441.070007,434.028625,102676900
3/15/22,438,444.859985,437.220001,444.519989,438.78241,106345500
3/16/22,444.339996,446.459991,440.679993,444.390015,438.654144,88349800
3/17/22,445.859985,450.579987,445.859985,449.589996,443.787018,74650400
3/18/22,446.910004,448.48999,443.709991,443.799988,438.071716,79426100
3/21/22,445.940002,450.5,444.76001,450.48999,444.675385,64736900
3/22/22,451.160004,452.980011,448.429993,452.690002,446.847015,77101300
3/23/22,452.059998,455.910004,450.059998,455.910004,450.025421,68529800
3/24/22,460.019989,462.070007,457.179993,461.549988,455.592651,86581500
3/25/22,460.339996,461.200012,456.470001,458.700012,452.779419,79666900
3/28/22,457.890015,458.76001,451.160004,451.640015,445.810547,121699900
3/29/22,453.309998,453.459991,449.140015,452.920013,447.074005,89048800
3/30/22,453.130005,456.910004,452.26001,456.799988,450.903931,59601000
3/31/22,455.220001,457.829987,449.820007,451.029999,445.208435,74214500
4/1/22,446.890015,448.929993,443.470001,446.519989,440.756653,106898000
4/4/22,445.589996,450.690002,443.529999,448.769989,442.97757,78097200
4/5/22,447.970001,450.630005,445.940002,447.570007,441.793091,79272700
4/6/22,444.109985,445,439.390015,439.920013,434.241821,89770500
4/7/22,443.079987,445.75,436.649994,438.290009,432.632904,84363600
4/8/22,438.029999,444.109985,437.839996,443.309998,437.588074,74070400
4/11/22,443.549988,444.730011,437.679993,437.790009,432.139282,97869500
4/12/22,436.809998,439.75,435.609985,437.970001,432.316956,66002500
4/13/22,437.859985,445.799988,437.679993,445.040009,439.295715,77821000
4/14/22,446.920013,447.570007,443.480011,444.709991,438.970001,65224400
4/18/22,448.540009,450.01001,437.100006,438.059998,432.405823,85417300
4/19/22,436.910004,438.079987,425.440002,426.040009,420.540955,132471800
4/20/22,423.670013,428.690002,418.839996,428.51001,422.979095,119647700
4/21/22,425.829987,426.040009,416.070007,416.100006,410.729279,103996300
4/22/22,417.23999,422.920013,415.01001,417.269989,411.884186,122030000
4/25/22,422.290009,429.640015,417.600006,427.809998,422.288116,105449100
4/26/22,423.589996,425.869995,411.209991,412,406.68219,145491100
4/27/22,412.070007,415.920013,405.019989,414.480011,409.130188,158312500
4/28/22,415.01001,418.929993,413.359985,416.380005,411.005646,100028200
4/29/22,417.079987,429.660004,413.709991,429.059998,423.521973,144247900
5/2/22,424.549988,425,409.440002,413.809998,408.468811,172929100
5/3/22,411.100006,414.799988,405.730011,411.339996,406.030701,151770800
5/4/22,405.100006,406.410004,396.5,398.170013,393.030701,155586100
5/5/22,404.48999,406.079987,394.820007,399.089996,393.938843,132497200
5/6/22,398.070007,404.040009,391.959991,392.75,387.680664,142361000
5/9/22,389.369995,395.799988,385.149994,392.339996,387.27594,125090800
5/10/22,396.709991,403.179993,395.609985,401.720001,396.534882,104174400
5/11/22,399.980011,403.970001,397.600006,400.089996,394.925903,78622400
5/12/22,406.529999,408.570007,402.579987,408.320007,403.049713,83029700
5/13/22,403.5,403.799988,390.549988,391.859985,386.802124,117674500
5/16/22,388.619995,394.140015,387.109985,389.459991,384.433105,98510700
5/17/22,393.25,397.029999,380.540009,389.630005,384.600922,131432200
5/18/22,392.829987,397.730011,390.380005,396.920013,391.796844,76414900
5/19/22,392.559998,395.149994,386.959991,393.890015,388.805969,91448800
5/20/22,392.309998,399.450012,391.890015,397.369995,392.241028,91472900
5/23/22,398.670013,407.040009,398.450012,405.309998,400.078552,82168300
5/24/22,407.910004,415.380005,407.700012,415.26001,409.900116,84768700
5/25/22,413.549988,416.459991,410.029999,412.929993,407.600189,95937000
5/26/22,415.170013,416.23999,406.929993,409.589996,404.303314,86585800
5/27/22,409.420013,417.440002,407.040009,417.390015,412.002655,79609600
5/31/22,412.399994,414.040009,409.51001,410.540009,405.241058,71874300
6/1/22,414.779999,416.609985,410.549988,411.790009,406.474915,57508900
6/2/22,408.100006,416.220001,407.609985,415.73999,410.373901,59272400
6/3/22,413.929993,415.820007,410.380005,411.220001,405.912262,64350000
6/6/22,409.339996,411.73999,401.440002,401.440002,396.258484,86289800
6/7/22,394.880005,395.779999,389.75,389.799988,384.768738,132893900
6/8/22,379.850006,381.809998,373.299988,375,370.15976,170004900
6/9/22,376.850006,377.940002,370.589996,373.869995,369.044342,104011800
6/10/22,377.359985,383.899994,372.119995,379.200012,374.305573,125666800
6/13/22,370.51001,370.940002,364.079987,366.649994,361.917542,134473300
6/14/22,365.51001,369.380005,362.170013,365.859985,362.697723,111113900
6/15/22,371.890015,376.529999,371.809998,375.070007,371.828156,76811900
6/16/22,370.619995,378.720001,370.179993,374.390015,371.154053,90059400
6/17/22,376.640015,378.829987,372.890015,378.059998,374.792297,79292100
6/21/22,381.399994,390.089996,381.369995,390.079987,386.708405,98050300
6/22/22,391.049988,391.359985,387.440002,388.589996,385.231293,66009600
6/23/22,390.230011,393.160004,380.529999,380.649994,377.359894,86548900
6/24/22,381.230011,382.269989,378.420013,380.339996,377.052582,65676000
6/27/22,376.23999,380.660004,372.559998,377.25,373.989288,112508300
6/28/22,376.559998,381.700012,373.799988,381.23999,377.944824,74839700
6/29/22,375.880005,381.980011,372.899994,381.959991,378.6586,81438000
6/30/22,382.109985,385.869995,379.600006,383.25,379.937439,70426200
7/1/22,385.119995,389.829987,383.269989,388.98999,385.627808,64525900
7/5/22,387.269989,390.640015,385.660004,388.670013,385.310608,72397800
7/6/22,385.850006,386.869995,383.5,384.230011,380.908997,58366900
7/7/22,383.649994,386.160004,378.98999,380.829987,377.53833,62219200
7/8/22,375.100006,381.920013,374.660004,378.829987,375.555634,84224600
7/11/22,373.609985,379.049988,371.040009,377.910004,374.643585,89704800
7/12/22,382.549988,385.25,380.540009,385.130005,381.801208,79060400
7/13/22,388.380005,389.089996,380.660004,381.950012,378.648682,63203600
7/14/22,386.079987,392.869995,385.390015,392.269989,388.879486,78506000
7/15/22,392.470001,396.26001,391.029999,394.769989,391.357849,71843800
7/18/22,394.160004,398.839996,391.630005,398.790009,395.34314,64903900
7/19/22,398.920013,400.179993,392.75,395.089996,391.675079,72197300
7/20/22,395.75,396.470001,393.209991,395.570007,392.15094,53631500
7/21/22,393.839996,394.059998,389.950012,390.890015,387.511414,52946400
7/22/22,394.359985,402.880005,394.049988,401.040009,397.573669,82342100
7/25/22,401.890015,406.799988,398.149994,406.070007,402.560211,73966600
7/26/22,407.579987,413.029999,406.769989,411.98999,408.429016,87003700
7/27/22,409.149994,413.410004,408.399994,410.769989,407.219574,69997500
7/28/22,409.119995,413,406.820007,408.059998,404.53299,63435400
7/29/22,410.299988,415.679993,410,414.450012,410.867767,67820600
8/1/22,414.369995,415.089996,412.440002,414.170013,410.590179,45656600
8/2/22,409.660004,414.149994,409.600006,413.470001,409.89624,56814900
8/3/22,415.25,417.619995,411.829987,412.98999,409.42038,53886100
8/4/22,412.220001,412.75,410.220001,411.350006,407.794586,44931800
8/5/22,418.779999,420.140015,416.720001,419.98999,416.359894,68665700
8/8/22,422.98999,424.950012,419.209991,419.98999,416.359894,59489700
8/9/22,422.029999,427.209991,421.029999,427.100006,423.408447,61694500
8/10/22,424.769989,429.410004,424.709991,428.859985,425.153198,54048300
8/11/22,427.730011,431.730011,426.880005,429.700012,425.985962,59289000
8/12/22,425.910004,429.5,424.540009,426.649994,422.962311,63563400
8/15/22,426.859985,428.609985,425.5,427.890015,424.19162,49023200
8/16/22,424.980011,425.26001,421.220001,422.140015,418.491333,68016900
8/17/22,417.049988,417.230011,412.399994,413.350006,409.777283,77695600
8/18/22,412.899994,415.420013,411.769989,412.350006,408.785919,49105200
8/19/22,412.109985,415.109985,411.390015,413.670013,410.094513,49177800
8/22/22,415.23999,419.559998,414.089996,419.51001,415.884033,50942300
8/23/22,419.390015,419.959991,405.25,405.309998,401.806763,103087000
8/24/22,402.200012,405.839996,401.200012,402.630005,399.149933,65370800
8/25/22,403.850006,404.100006,396,398.209991,394.768127,85652400
8/26/22,399.929993,401.23999,395.040009,395.179993,391.764313,76029700
8/29/22,392.890015,396.779999,390.040009,396.420013,392.993622,78740100
8/30/22,400.279999,401.559998,390.329987,392.23999,388.849731,99632100
8/31/22,393.130005,394.119995,388.420013,390.76001,387.382538,76637400
9/1/22,390.429993,398.589996,390.200012,397.779999,394.341827,70964200
9/2/22,395.390015,400.859985,394.119995,400.380005,396.919403,80821700
9/6/22,402.73999,407.51001,402.459991,406.600006,403.085632,76706900
9/7/22,408.779999,411.730011,408.459991,410.970001,407.417847,69256300
9/8/22,401.829987,403.100006,391.920013,393.100006,389.702301,122947100
9/9/22,394.470001,396.200012,391.119995,394.600006,391.189362,85023700
9/12/22,392.959991,395.959991,388.779999,390.119995,386.748077,87633800
9/13/22,384.140015,386.25,382.109985,385.559998,383.797607,103084800
9/14/22,382.26001,388.549988,382.179993,388.549988,386.773926,73278500
9/15/22,385.059998,386.119995,381.200012,384.089996,382.33432,77274900
9/16/22,386.109985,389.309998,377.380005,377.390015,375.664948,106746600
9/19/22,376.579987,378.299988,373.440002,374.220001,372.50943,89472600
9/20/22,370.579987,370.619995,363.290009,367.950012,366.268097,122346900
9/21/22,366.410004,370.209991,363.029999,364.309998,362.644714,92581200
9/22/22,368.019989,370.399994,360.869995,363.380005,361.718994,108294100
9/23/22,364.380005,372.299988,362.600006,370.529999,368.836304,110802200
9/26/22,366.809998,367.109985,359.700012,362.790009,361.131683,112952300
9/27/22,361.799988,365.910004,357.040009,357.179993,355.547302,153711200
9/28/22,361.079987,368.549988,359.209991,366.609985,364.934204,89756500
9/29/22,372.399994,378,366.570007,377.970001,376.242279,103602800
9/30/22,373.390015,379.459991,370.950012,377.089996,375.366302,88065700
10/3/22,375.619995,378.720001,372.679993,373.200012,371.49411,82333500
10/4/22,368.970001,373.290009,360.940002,362.790009,361.131683,107789500
10/5/22,363.959991,364.209991,357.670013,360.019989,358.374329,76042800
10/6/22,358.23999,363.029999,355.709991,357.73999,356.104767,92482800
10/7/22,358.170013,359.820007,356.299988,356.559998,354.930145,76991800
10/10/22,349.209991,367.51001,348.109985,365.970001,364.29715,147254500
10/11/22,368.549988,370.26001,356.959991,357.630005,355.99527,123737000
10/12/22,364.01001,367.980011,357.279999,366.820007,365.14328,93168200
10/13/22,375.130005,375.450012,367.519989,371.130005,369.433563,97162900
10/14/22,368.98999,371.850006,365.549988,368.5,366.815582,79746900
10/17/22,368.029999,372.670013,364.609985,365.410004,363.739716,88283100
10/18/22,365.119995,374.799988,363.540009,374.290009,372.579132,131038400
10/19/22,375.890015,380.059998,373.109985,378.869995,377.138184,85436900
10/20/22,378.790009,385.25,378.670013,384.920013,383.160522,78846300
10/21/22,381.619995,387.579987,381.350006,382.019989,380.273773,104087300
10/24/22,383.070007,385,379.329987,379.980011,378.243103,81971800
10/25/22,379.869995,389.519989,379.679993,389.019989,387.24176,100302000
10/26/22,386.440002,388.399994,385.26001,386.209991,384.444611,96631300
10/27/22,390.140015,390.390015,383.290009,384.519989,382.762329,85407600
10/28/22,383.899994,388.630005,374.76001,374.869995,373.156464,126990400
10/31/22,371.470001,374.200012,368.790009,371.01001,369.314117,87100100
11/1/22,377,378.869995,370,376.350006,374.6297,103505200
11/2/22,377.709991,380.570007,375.529999,379.950012,378.213257,68286900
11/3/22,381.109985,385.119995,377.720001,382,380.253876,84641100
11/4/22,379.929993,381.140015,373.609985,374.130005,372.419861,78495500
11/7/22,388.049988,395.040009,385.640015,394.690002,392.885864,141455800
11/8/22,395.589996,399.350006,393.609985,398.51001,396.688416,93839900
11/9/22,396.660004,400.179993,394.829987,395.119995,393.313904,71903500
11/10/22,401.149994,402.309998,394.48999,398.48999,396.668488,93194500
11/11/22,396.779999,397.779999,394.790009,395.450012,393.642395,68508500
11/14/22,390.459991,394.950012,390.140015,394.23999,392.437897,74496300
11/15/22,397.73999,397.809998,393.040009,396.029999,394.219727,92922500
11/16/22,394.640015,395.820007,392.660004,394.589996,392.786316,51243200
11/17/22,396.630005,400.070007,395.149994,399.899994,398.072052,60429000
11/18/22,399.549988,402.929993,399.309998,402.420013,400.580536,68261600
11/21/22,401.829987,402.910004,401.540009,402.329987,400.490936,30545400
11/22/22,399.089996,400.809998,395.109985,395.910004,394.100281,67881600
11/23/22,396.049988,397.299988,393.299988,395.230011,393.423401,52310000
11/25/22,395.48999,407.679993,393.480011,407.679993,405.816467,144566700
11/28/22,408.769989,410,404.75,407.380005,405.517853,76398200
11/29/22,402.25,407.859985,402.140015,406.910004,405.050018,85342700
11/30/22,403.950012,404.929993,398.170013,399.589996,397.763458,77289800
12/1/22,399.420013,399.98999,391.640015,393.829987,392.029785,77972200
12/2/22,392.940002,395.640015,391.970001,393.160004,391.362854,65927900
12/5/22,395.140015,397.359985,393.269989,396.23999,394.428772,60737900
12/6/22,394.940002,397.619995,393.149994,393.279999,391.4823,81447700
12/7/22,394.109985,398.950012,393.410004,398.950012,397.126404,75405800
12/8/22,410.220001,410.48999,399.070007,401.970001,400.132599,123782500
12/9/22,401.609985,405.5,396.309998,399.399994,397.574341,108111300
12/12/22,394.299988,395.25,387.890015,389.630005,387.848999,117705900
12/13/22,385.179993,386.579987,381.040009,383.269989,383.269989,119858000
12/14/22,383.470001,383.820007,378.279999,380.019989,380.019989,79878100
12/15/22,379.230011,382.230011,377.850006,380.540009,380.540009,74427200
12/16/22,383.25,387.410004,382.690002,386.230011,386.230011,78167400
12/19/22,383.049988,386.209991,374.769989,380.720001,380.720001,100120900
12/20/22,379.649994,383.059998,378.029999,382.910004,382.910004,59857300
12/21/22,382.790009,383.149994,379.649994,381.399994,381.399994,51638200
12/22/22,381.329987,383.390015,376.420013,376.660004,376.660004,70911500
12/23/22,379.630005,384.350006,379.079987,383.440002,383.440002,66970900
12/27/22,380.640015,382.579987,378.429993,382.429993,382.429993,84022200
12/28/22,384.369995,386.429993,377.829987,380.820007,380.820007,74850700
12/29/22,383.179993,385.880005,380,383.76001,383.76001,85934100
12/30/22,381.720001,381.839996,378.76001,379.380005,379.380005,76970500
1/3/23,382.609985,389.25,379.410004,388.079987,388.079987,104189600
1/4/23,390.369995,393.700012,387.670013,387.859985,387.859985,73978100
1/5/23,387.25,390.649994,386.269989,390.579987,390.579987,65358100
1/6/23,392.230011,395.600006,391.380005,395.519989,395.519989,68881100
1/9/23,396.670013,398.48999,392.420013,396.959991,396.959991,90157700
1/10/23,393.619995,399.100006,393.339996,398.5,398.5,63903900
1/11/23,398.480011,400.230011,397.059998,397.769989,397.769989,62677300
1/12/23,399.01001,400.119995,391.279999,391.48999,391.48999,99632300
1/13/23,389.359985,391.079987,387.26001,388.640015,388.640015,86958900
1/17/23,390.100006,396.040009,388.380005,395.880005,395.880005,91806400
1/18/23,396.720001,402.649994,395.720001,400.630005,400.630005,84178800
1/19/23,398.880005,401.149994,397.640015,400.200012,400.200012,59524900
1/20/23,395.950012,400.700012,393.559998,400.350006,400.350006,84800300
1/23/23,403.130005,404.920013,400.029999,404.75,404.75,72287400
1/24/23,403.660004,408.160004,403.440002,405.679993,405.679993,68346200
1/25/23,402.799988,405.130005,400.279999,400.589996,400.589996,74202000
1/26/23,401.130005,406.529999,400.769989,406.480011,406.480011,86811800
1/27/23,405.209991,413.670013,402.350006,410.799988,410.799988,101459200
1/30/23,414.859985,418.309998,412.880005,416.779999,416.779999,101654500
1/31/23,411.589996,416.970001,411.089996,412.350006,412.350006,94736800
2/1/23,409.790009,411.290009,408.100006,409.829987,409.829987,60295300
2/2/23,408.869995,416.48999,407.570007,415.190002,415.190002,90990700
2/3/23,413.130005,414.529999,409.929993,410.649994,410.649994,76227500
2/6/23,414.410004,414.570007,405.809998,407.089996,407.089996,78694900
2/7/23,405.859985,408.440002,405.01001,408.040009,408.040009,70769700
2/8/23,408.720001,412.970001,408.23999,412.829987,412.829987,64913500
2/9/23,411.23999,415.049988,408.51001,412.640015,412.640015,88389300
2/10/23,410.350006,414.059998,409.470001,413.980011,413.980011,61555700
2/13/23,408.790009,412.910004,408.140015,408.279999,408.279999,76431500
2/14/23,406.059998,407.51001,404.049988,407.26001,407.26001,89257800
2/15/23,403.059998,404.160004,398.820007,399.089996,399.089996,82655900
2/16/23,399.519989,401.130005,397.019989,398.540009,398.540009,83742300
2/17/23,401.559998,402.200012,396.25,400.660004,400.660004,96242400
2/21/23,395.420013,397.25,393.640015,396.380005,396.380005,108194400
2/22/23,399.869995,401.290009,396.75,397.730011,397.730011,80444700
2/23/23,397.230011,399.279999,396.149994,396.26001,396.26001,96438600
2/24/23,395.410004,396.690002,393.380005,394.73999,394.73999,99706800
2/27/23,392.679993,398.690002,392.329987,397.809998,397.809998,85127800
2/28/23,399.709991,404.450012,399.029999,404.190002,404.190002,90038300